prompt_template,metric,n_items,mean_diff,sd_diff,effect_size_dz,t_stat,t_p_two_sided,perm_p_two_sided,bootstrap_ci95_low,bootstrap_ci95_high,mcnemar_b,mcnemar_c,mcnemar_p_exact
role_labeled,logprob_delta,200,0.17187174677848815,0.6380813016982575,0.26935712787861105,3.809285033677959,0.00018564648262101903,0.0001,0.0861781081855297,0.26111170575022696,,,
role_labeled,passive_choice_delta,200,0.035,0.3381519387321943,0.10350376854624188,1.4637643323482106,0.14483615305716602,0.2217,-0.01,0.08,15.0,8.0,0.21003961563110352
word_list,logprob_delta,200,0.20213735580444336,0.5607239475948063,0.36049353103519144,5.09814840737734,7.958832627109231e-07,0.0,0.12412687057256698,0.2813332606554031,,,
word_list,passive_choice_delta,200,0.03,0.26352843524163483,0.11383970755373082,1.6099365835907302,0.10899681557446599,0.1834,-0.005,0.065,10.0,4.0,0.1795654296875
