prompt_template,prime_condition,n_items,n_active_choice,n_passive_choice,active_choice_rate,passive_choice_rate,mean_passive_minus_active_logprob,sd_passive_minus_active_logprob
role_labeled,active,2080,2033,47,0.9774038461538461,0.022596153846153846,-6.328070076383077,2.953730946057846
role_labeled,filler,2080,1616,464,0.7769230769230769,0.2230769230769231,-2.7577885701106144,3.5401023196064667
role_labeled,no_prime_eos,2080,1491,589,0.7168269230769231,0.2831730769230769,-2.072351805980389,3.699850486609224
role_labeled,passive,2080,323,1757,0.15528846153846154,0.8447115384615385,2.9528990186177766,2.9627572912163447
