prompt_column,prime_condition,n_items,active_rate,passive_rate,other_rate,congruent_rate,manually_reviewed_rate
prompt_active,active,2080,0.8769230769230769,0.09326923076923077,0.02980769230769231,0.8769230769230769,0.07115384615384615
prompt_filler,filler,2080,0.43028846153846156,0.4076923076923077,0.16201923076923078,0.0,0.5163461538461539
prompt_no_demo,no_demo,2080,0.5716346153846154,0.1605769230769231,0.26778846153846153,0.0,0.48125
prompt_passive,passive,2080,0.31875,0.6264423076923077,0.05480769230769231,0.6264423076923077,0.09086538461538461
