prompt_column,prime_condition,n_items,active_rate,passive_rate,other_rate,congruent_rate,manually_reviewed_rate
prompt_active,active,2080,0.8730769230769231,0.07355769230769231,0.05336538461538461,0.8730769230769231,0.07115384615384615
prompt_filler,filler,2080,0.39326923076923076,0.12692307692307692,0.4798076923076923,0.0,0.5163461538461539
prompt_no_demo,no_demo,2080,0.39903846153846156,0.12451923076923077,0.47644230769230766,0.0,0.48125
prompt_passive,passive,2080,0.30432692307692305,0.6173076923076923,0.07836538461538461,0.6173076923076923,0.09086538461538461
