prompt_column,prime_condition,n_items,active_like_rate,passive_like_rate,exact_rate,prefix_rate,structural_rate,congruent_rate
prompt_active,active,2080,0.7850961538461538,0.061057692307692306,0.0,0.0,0.8461538461538461,0.7850961538461538
prompt_filler,filler,2080,0.20240384615384616,0.025961538461538463,0.0,0.0,0.2283653846153846,0.0
prompt_no_demo,no_demo,2080,0.33942307692307694,0.026923076923076925,0.0,0.0,0.3663461538461538,0.0
prompt_passive,passive,2080,0.24951923076923077,0.5326923076923077,0.0,0.0,0.7822115384615385,0.5326923076923077
