prompt_template,prime_condition,n_items,n_active_choice,n_passive_choice,active_choice_rate,passive_choice_rate,mean_passive_minus_active_logprob,sd_passive_minus_active_logprob
demo__involving_event__did_to__mary_answered,active,2080,1765,315,0.8485576923076923,0.15144230769230768,-1.226720589857835,1.214998865934579
demo__involving_event__did_to__mary_answered,filler,2080,1009,1071,0.48509615384615384,0.5149038461538461,0.1320929894080529,1.6865763531929396
demo__involving_event__did_to__mary_answered,no_prime,2080,1186,894,0.5701923076923077,0.42980769230769234,-0.21833871694711537,1.3244679378226867
demo__involving_event__did_to__mary_answered,passive,2080,1370,710,0.6586538461538461,0.34134615384615385,-0.41501561678372895,1.1227436918311295
