prompt_column,prime_condition,n_items,active_like_rate,passive_like_rate,exact_rate,prefix_rate,structural_rate,congruent_rate
prompt_active,active,2048,0.68994140625,0.0498046875,0.10595703125,0.0,0.6337890625,0.68994140625
prompt_filler,filler,2048,0.13916015625,0.03759765625,0.05029296875,0.0,0.12646484375,0.0
prompt_no_prime,no_prime,2048,0.30908203125,0.00634765625,0.08154296875,0.0,0.23388671875,0.0
prompt_passive,passive,2048,0.216796875,0.68701171875,0.0810546875,0.0,0.82275390625,0.68701171875
