prompt_column,prime_condition,n_items,active_rate,passive_rate,other_rate,congruent_rate,manually_reviewed_rate
prompt_active,active,2048,0.95263671875,0.0,0.04736328125,0.95263671875,0.0478515625
prompt_filler,filler,2048,0.3369140625,0.3701171875,0.29296875,0.0,0.55029296875
prompt_no_prime,no_prime,2048,0.3994140625,0.1572265625,0.443359375,0.0,0.48974609375
prompt_passive,passive,2048,0.18408203125,0.80029296875,0.015625,0.80029296875,0.02734375
