condition,baseline,n_items,active_prime_passive_choice_rate,passive_prime_passive_choice_rate,baseline_passive_choice_rate,baseline_active_choice_rate,active_choice_priming,active_choice_priming_ci95_low,active_choice_priming_ci95_high,active_choice_priming_p,passive_choice_priming,passive_choice_priming_ci95_low,passive_choice_priming_ci95_high,passive_choice_priming_p,imbalance_choice_passive_minus_active,imbalance_choice_ci95_low,imbalance_choice_ci95_high,imbalance_choice_p,active_logprob_priming,active_logprob_priming_ci95_low,active_logprob_priming_ci95_high,active_logprob_priming_p,passive_logprob_priming,passive_logprob_priming_ci95_low,passive_logprob_priming_ci95_high,passive_logprob_priming_p,imbalance_logprob_passive_minus_active,imbalance_logprob_ci95_low,imbalance_logprob_ci95_high,imbalance_logprob_p
core_demo_primes_lexically_controlled,filler,2080,0.1211538461538461,0.6692307692307692,0.2677884615384615,0.7322115384615385,0.1466346153846154,0.12451923076923077,0.16875,1.8882174628554394e-37,0.4014423076923077,0.3764423076923077,0.42596153846153845,2.4708308436460058e-182,0.2548076923076923,0.21393028846153844,0.2966346153846154,3.370753088008996e-32,0.6343244992769681,0.5714596172479484,0.6985741274173443,7.149572167712616e-79,1.246681154691256,1.1879205329601583,1.3057771932161772,9.992860159743438e-274,0.6123566554142879,0.49639041570516734,0.7329391750922569,7.863734243959605e-24
jabberwocky_demo_primes,filler,2080,0.0091346153846153,0.8903846153846153,0.1014423076923076,0.8985576923076924,0.09230769230769231,0.07932692307692307,0.10576923076923077,9.394963095801353e-42,0.7889423076923077,0.770673076923077,0.80625,0.0,0.6966346153846154,0.6692307692307692,0.7240384615384615,0.0,2.2773031839957603,2.1981110254617837,2.35682552594405,0.0,3.074553519945878,2.9964620278890317,3.151743988394737,0.0,0.7972503359501178,0.7049528831931261,0.8890069070229163,5.5196186974775264e-61
