prompt_template,prime_condition,n_items,n_active_choice,n_passive_choice,active_choice_rate,passive_choice_rate,mean_passive_minus_active_logprob,sd_passive_minus_active_logprob
demo__involving_event__did_to__mary_answered,active,2080,1637,443,0.7870192307692307,0.21298076923076922,-1.0744765061598558,1.3829431134429417
demo__involving_event__did_to__mary_answered,filler,2080,1058,1022,0.5086538461538461,0.4913461538461538,0.06217510516826923,1.5752742252329115
demo__involving_event__did_to__mary_answered,no_prime,2080,1185,895,0.5697115384615384,0.43028846153846156,-0.218356440617488,1.3245674695629368
demo__involving_event__did_to__mary_answered,passive,2080,1235,845,0.59375,0.40625,-0.19529295701246996,1.3368472936022544
