prompt_template,condition_a,condition_b,passive_choice_rate_a,passive_choice_rate_b,passive_choice_rate_diff_b_minus_a,active_choice_rate_a,active_choice_rate_b,active_choice_rate_diff_b_minus_a,mean_logprob_a,mean_logprob_b,mean_logprob_diff_b_minus_a
processing_teacher_forced,active,filler,0.9543269230769231,0.9639423076923077,0.009615384615384581,0.04567307692307692,0.036057692307692304,-0.009615384615384616,0.3520882421760654,0.5148954945732818,0.16280725239721638
processing_teacher_forced,active,no_prime,0.9543269230769231,0.9456730769230769,-0.008653846153846234,0.04567307692307692,0.05432692307692308,0.008653846153846158,0.3520882421760654,0.539617771776897,0.18752952960083158
processing_teacher_forced,active,passive,0.9543269230769231,0.9995192307692308,0.04519230769230764,0.04567307692307692,0.0004807692307692308,-0.04519230769230769,0.3520882421760654,0.6308692457871604,0.27878100361109504
processing_teacher_forced,no_prime,filler,0.9456730769230769,0.9639423076923077,0.018269230769230815,0.05432692307692308,0.036057692307692304,-0.018269230769230774,0.539617771776897,0.5148954945732818,-0.024722277203615195
processing_teacher_forced,passive,filler,0.9995192307692308,0.9639423076923077,-0.03557692307692306,0.0004807692307692308,0.036057692307692304,0.035576923076923075,0.6308692457871604,0.5148954945732818,-0.11597375121387865
processing_teacher_forced,passive,no_prime,0.9995192307692308,0.9456730769230769,-0.05384615384615388,0.0004807692307692308,0.05432692307692308,0.05384615384615385,0.6308692457871604,0.539617771776897,-0.09125147401026346
