prompt_template,prime_condition,n_items,n_active_choice,n_passive_choice,active_choice_rate,passive_choice_rate,mean_passive_minus_active_logprob,sd_passive_minus_active_logprob
processing_teacher_forced,active,2080,95,1985,0.04567307692307692,0.9543269230769231,0.3520882421760654,0.21102178460968513
processing_teacher_forced,filler,2080,75,2005,0.036057692307692304,0.9639423076923077,0.5148954945732818,0.27233421506076666
processing_teacher_forced,no_prime,2080,113,1967,0.05432692307692308,0.9456730769230769,0.539617771776897,0.3199517199045183
processing_teacher_forced,passive,2080,1,2079,0.0004807692307692308,0.9995192307692308,0.6308692457871604,0.1897939920150258
