prime_condition,n_items,mean_delta_mean,mean_delta_sum,passive_choice_rate
active,2080,1.1017049984799492,-3.437761748754061,0.9778846153846154
filler,2080,1.5418608625365993,-2.4373802955334005,0.99375
no_prime_empty,2080,1.2670342117020352,-1.696051059319423,0.9966346153846154
no_prime_eos,2080,1.5306270222233038,-2.2389405654026913,0.9855769230769231
passive,2080,1.7388704530448995,1.1453444508405832,1.0
