prompt_template,condition_a,condition_b,passive_choice_rate_a,passive_choice_rate_b,passive_choice_rate_diff_b_minus_a,active_choice_rate_a,active_choice_rate_b,active_choice_rate_diff_b_minus_a,mean_logprob_a,mean_logprob_b,mean_logprob_diff_b_minus_a
role_labeled,active,filler,0.3333333333333333,0.5833333333333334,0.25000000000000006,0.6666666666666666,0.4166666666666667,-0.24999999999999994,-0.5481295188268026,-0.05937206745147705,0.48875745137532556
role_labeled,active,no_prime_eos,0.3333333333333333,0.25,-0.08333333333333331,0.6666666666666666,0.75,0.08333333333333337,-0.5481295188268026,-0.3300262689590454,0.2181032498677572
role_labeled,active,passive,0.3333333333333333,0.4166666666666667,0.08333333333333337,0.6666666666666666,0.5833333333333334,-0.08333333333333326,-0.5481295188268026,-0.5053357283274332,0.04279379049936938
role_labeled,no_prime_eos,filler,0.25,0.5833333333333334,0.33333333333333337,0.75,0.4166666666666667,-0.3333333333333333,-0.3300262689590454,-0.05937206745147705,0.27065420150756836
role_labeled,passive,filler,0.4166666666666667,0.5833333333333334,0.16666666666666669,0.5833333333333334,0.4166666666666667,-0.16666666666666669,-0.5053357283274332,-0.05937206745147705,0.4459636608759562
role_labeled,passive,no_prime_eos,0.4166666666666667,0.25,-0.16666666666666669,0.5833333333333334,0.75,0.16666666666666663,-0.5053357283274332,-0.3300262689590454,0.17530945936838782
