prime_condition,n_items,mean_delta_mean,mean_delta_sum,passive_choice_rate
active,2080,0.46928284786305,-6.185112966940953,0.8346153846153846
filler,2080,1.5418608112504049,-2.4374321625782893,0.99375
no_prime,2080,1.5306223431313286,-2.2390072620832004,0.9855769230769231
passive,2080,1.9548392812683906,4.407680555490347,1.0
