effect,term,estimate,std.error,statistic,df,p.value,conf.low,conf.high
fixed,comparison_conditionactive,0.1875306341487128,0.0063506776159363235,29.52923223155359,2079.0000428919057,2.4416444693457364e-160,0.1750762840682118,0.1999849842292138
