comparison_condition,observed_mean,n_items
no_prime_eos,0.054326923076923134,2080
active,0.04567307692307695,2080
