comparison_condition,emmean,ci_low,ci_high
no_prime_eos,2.967217015581041e-4,1.4832017786274058e-4,5.935179990402876e-4
active,1.7678352797592182e-4,8.203822890980903e-5,3.8090773794889333e-4
