comparison_condition,emmean,ci_low,ci_high
filler,-0.4313680436495675,-0.4406228292118411,-0.4221132580872939
active,-0.35208779526654166,-0.36134258082881526,-0.34283300970426805
