comparison_condition,emmean,ci_low,ci_high
no_prime_eos,-0.5396184294152536,-0.5512653237811916,-0.5279715350493156
active,-0.3520877952665408,-0.36373468963247885,-0.3404409009006028
