effect,term,estimate,std.error,statistic,p.value,conf.low,conf.high
fixed,comparison_conditionactive,-0.36950807689542303,0.24013913311610824,-1.5387249554064326,0.12387145726563209,-0.8401721290816648,0.10115597529081882
