effect,term,estimate,std.error,statistic,df,p.value,conf.low,conf.high
fixed,comparison_conditionactive,0.1579075750316243,0.006658761209295698,23.714257061986807,2078.9999991050017,3.1407159722404455e-110,0.1448490404595117,0.17096610960373693
