contrast,estimate,SE,df,z.ratio,p.value
active - no_prime_eos,-0.5179886559930298,0.24338592666569067,Inf,-2.1282605082771573,0.033315490473907604
