contrast,estimate,SE,df,z.ratio,p.value
active - no_prime_eos,0.1875306341487128,0.0063506776159363235,Inf,29.52923223155359,1.2136824308173642e-191
