contrast,estimate,SE,df,z.ratio,p.value
active - filler,0.0792802483830258,0.004183618556902775,Inf,18.95016175703139,4.402280766857284e-80
