effect,term,estimate,std.error,statistic,df,p.value,conf.low,conf.high
fixed,comparison_conditionactive,0.0792802483830258,0.004183618556902775,18.95016175703139,2079.000005135114,5.318247506369247e-74,0.07107573017842526,0.08748476658762634
