comparison_condition,emmean,ci_low,ci_high
no_prime_empty,-0.5099953702981661,-0.5214858764469301,-0.49850486414940204
active,-0.35208779526654177,-0.36357830141530584,-0.3405972891177777
