contrast,estimate,SE,df,z.ratio,p.value
active - filler,1.6006531833058866,0.3466008240595441,Inf,4.618145925212524,3.871839466211269e-6
