contrast,estimate,SE,df,z.ratio,p.value
active - no_prime_empty,0.1579075750316243,0.006658761209295698,Inf,23.714257061986807,2.5700346508830414e-124
