comparison_condition,observed_mean,n_items
filler,-0.43136804364956616,2080
active,-0.35208779526653955,2080
