comparison_condition,emmean,ci_low,ci_high
no_prime_eos,0.9998844257506941,0.99974199748405,0.999948231680532
filler,0.9999921969991264,0.9999724297054952,0.9999977916101085
