comparison_condition,emmean,ci_low,ci_high
no_prime_empty,0.5099953702981631,0.4983574116867146,0.5216333289096116
filler,0.43136804364956305,0.41973008503811454,0.44300600226101156
