effect,term,estimate,std.error,statistic,p.value,conf.low,conf.high
fixed,comparison_conditionfiller,2.6955125653631957,0.4149964626449074,6.495266364883733,8.288662668167541e-11,1.8821344448676554,3.508890685858736
