effect,term,estimate,std.error,statistic,df,p.value,conf.low,conf.high
fixed,comparison_conditionfiller,-0.07862732664860003,0.006201611344039841,-12.678531801926946,2079.0000246626055,1.5510314255735745e-35,-0.09078934201345734,-0.06646531128374272
