comparison_condition,emmean,ci_low,ci_high
no_prime_eos,0.5396184294152437,0.5260007506613511,0.5532361081691364
no_prime_empty,0.5099953702981518,0.4963776915442592,0.5236130490520444
