contrast,estimate,SE,df,z.ratio,p.value
filler - no_prime_empty,-0.07862732664860003,0.006201611344039841,Inf,-12.678531801926946,7.777504200826465e-37
