comparison_condition,emmean,ci_low,ci_high
no_prime_eos,0.5396184294152525,0.5278260379252668,0.5514108209052382
filler,0.4313680436495641,0.4195756521595784,0.4431604351395498
