contrast,estimate,SE,df,z.ratio,p.value
filler - no_prime_eos,-0.1082503857656884,0.005589827605667208,Inf,-19.36560362898124,1.505796498559371e-83
