contrast,estimate,SE,df,z.ratio,p.value
no_prime_empty - no_prime_eos,-0.029623059117091968,0.0058925191400737,Inf,-5.0272317175233585,4.976109348183595e-7
