contrast,estimate,SE,df,z.ratio,p.value
filler - no_prime_empty,2.08153773564745,0.355436015338502,Inf,5.856293807663477,4.7331057794928624e-9
