effect,term,estimate,std.error,statistic,df,p.value,conf.low,conf.high
fixed,comparison_conditionno_prime_empty,-0.029623059117091968,0.0058925191400737,-5.0272317175233585,2079.000041424919,5.402107090510494e-7,-0.04117891199842905,-0.018067206235754883
