effect,term,estimate,std.error,statistic,p.value,conf.low,conf.high
fixed,comparison_conditionfiller,2.08153773564745,0.355436015338502,5.856293807663477,4.7331057794928624e-9,1.38489594677556,2.77817952451934
