effect,term,estimate,std.error,statistic,df,p.value,conf.low,conf.high
fixed,comparison_conditionfiller,-0.1082503857656884,0.005589827605667208,-19.36560362898124,2079.000034641424,6.025093949572201e-77,-0.11921262855314957,-0.09728814297822724
