contrast,estimate,SE,df,z.ratio,p.value
passive - active,0.278782612145233,0.003125669562695333,Inf,89.19132574744486,0
