effect,term,estimate,std.error,statistic,p.value,conf.low,conf.high
fixed,comparison_conditionpassive,22.34234016070299,3.943217921567794e-4,56660.17096975417,0,22.341567304192044,22.343113017213934
