effect,term,estimate,std.error,statistic,df,p.value,conf.low,conf.high
fixed,comparison_conditionpassive,0.278782612145233,0.003125669562695333,89.19132574744486,2078.9999998872495,0,0.27265284374499843,0.2849123805454675
