comparison_condition,emmean,ci_low,ci_high
active,0.35208779526653405,0.3434631876468921,0.360712402886176
passive,0.630870407411767,0.622245799792125,0.639495015031409
