comparison_condition,observed_mean,n_items
active,0.35208779526653955,2080
passive,0.6308704074117691,2080
