comparison_condition,emmean,ci_low,ci_high
no_prime_empty,0.9999990152315869,0.9999968573255826,0.9999996914197076
passive,0.9999999999999998,0.9999999981176341,0.9999999999999998
