comparison_condition,observed_mean,n_items
filler,0.43136804364956616,2080
passive,0.6308704074117691,2080
