comparison_condition,emmean,ci_low,ci_high
filler,0.43136804364955283,0.4225479413161975,0.4401881459829082
passive,0.6308704074117597,0.6220503050784044,0.639690509745115
