comparison_condition,emmean,ci_low,ci_high
no_prime_empty,0.5099953702981606,0.49885199196419594,0.5211387486321252
passive,0.6308704074117683,0.6197270290778036,0.6420137857457329
