comparison_condition,observed_mean,n_items
filler,0.9701923076923077,2080
passive,0.9995192307692308,2080
