contrast,estimate,SE,df,z.ratio,p.value
passive - no_prime_empty,0.12087503711360768,0.00671855673063607,Inf,17.991220727872605,2.2827340625037427e-72
