effect,term,estimate,std.error,statistic,df,p.value,conf.low,conf.high
fixed,comparison_conditionpassive,0.12087503711360768,0.00671855673063607,17.991220727872605,2078.9999993123215,2.251547259732467e-67,0.10769923720367433,0.13405083702354104
