effect,term,estimate,std.error,statistic,df,p.value,conf.low,conf.high
fixed,comparison_conditionpassive,0.19950236376220692,0.004136266474505553,48.232473655134925,2079.0000125197284,0,0.19139070799638752,0.20761401952802633
