effect,term,estimate,std.error,statistic,df,p.value,conf.low,conf.high
fixed,comparison_conditionpassive,0.09125197799651781,0.006441841047107346,14.1655122082675,2079.0000082788356,1.4858613754225105e-43,0.07861884679126369,0.10388510920177194
