effect,term,estimate,std.error,statistic,p.value,conf.low,conf.high
fixed,comparison_conditionpassive,18.640445548153295,6.287329829519878,2.9647634295617578,0.003029157722470104,6.317505523369979,30.96338557293661
