contrast,estimate,SE,df,z.ratio,p.value
passive - no_prime_eos,0.09125197799651781,0.006441841047107346,Inf,14.1655122082675,1.497708960644604e-45
