contrast,estimate,SE,df,z.ratio,p.value
passive - filler,0.19950236376220692,0.004136266474505553,Inf,48.232473655134925,0
