comparison_condition,emmean,ci_low,ci_high
no_prime_eos,0.9999987894386052,0.9999987858906247,0.9999987929762174
passive,0.9999999999999998,0.9999999999999998,0.9999999999999998
