comparison_condition,emmean,ci_low,ci_high
no_prime_eos,0.539618429415252,0.5283138597053075,0.5509229991251964
passive,0.6308704074117698,0.6195658377018254,0.6421749771217142
