prime_condition,n_items,mean_delta_mean,mean_delta_sum,passive_choice_rate
active,2080,0.3520877952665396,-6.573240445210383,0.9543269230769231
filler,2080,0.431368043649566,-6.123569624240582,0.9701923076923077
no_prime_empty,2080,0.5099953702981643,-4.902770244158232,0.948076923076923
no_prime_eos,2080,0.5396184294152526,-5.155499597696157,0.9456730769230769
passive,2080,0.6308704074117689,-1.2703294790708102,0.9995192307692308
