comparison_condition,emmean,ci_low,ci_high
no_prime_empty,-0.4746114582970373,-0.4878139415248335,-0.46140897506924117
active,-0.3165364606533529,-0.32973894388114905,-0.30333397742555673
