effect,term,estimate,std.error,statistic,df,p.value,conf.low,conf.high
fixed,comparison_conditionactive,0.15807499764368443,0.007363212723395958,21.46821008462992,2079.000015248894,1.6532498104992947e-92,0.14363495919094332,0.17251503609642554
