comparison_condition,emmean,ci_low,ci_high
no_prime_empty,0.00110321918123508,5.849487826927054e-4,0.002079726717173488
active,0.0015988028750142397,8.853131393760938e-4,0.0028856460261974053
