effect,term,estimate,std.error,statistic,p.value,conf.low,conf.high
fixed,comparison_conditionactive,0.3715189659826167,0.16176727703249363,2.2966261953459903,0.021640102982627765,0.05446092912181577,0.6885770028434176
