comparison_condition,observed_mean,n_items
filler,0.010576923076923006,2080
active,0.10913461538461543,2080
