comparison_condition,emmean,ci_low,ci_high
no_prime_eos,-0.40390609369092095,-0.4152276369801106,-0.3925845504017313
active,-0.3165364606533528,-0.32785800394254244,-0.3052149173641631
