contrast,estimate,SE,df,z.ratio,p.value
active - filler,10.475156563276764,2.019043675242168,Inf,5.1881772998399125,2.1236236877259603e-7
