contrast,estimate,SE,df,z.ratio,p.value
active - filler,0.20255333241024248,0.0050558301961730785,Inf,40.06331790248052,0
