comparison_condition,observed_mean,n_items
no_prime_eos,0.07596153846153858,2080
active,0.10913461538461543,2080
