effect,term,estimate,std.error,statistic,p.value,conf.low,conf.high
fixed,comparison_conditionactive,1.2346221264546575,0.2052070041560226,6.0164716673898315,1.7825968069350893e-9,0.8324237889334921,1.6368204639758228
