contrast,estimate,SE,df,z.ratio,p.value
active - no_prime_eos,0.08736963303756819,0.005461316978597462,Inf,15.997905519852441,1.3214647843996415e-57
