comparison_condition,observed_mean,n_items
filler,-0.5190897930635989,2080
active,-0.31653646065335644,2080
