comparison_condition,emmean,ci_low,ci_high
filler,-0.5190897930635935,-0.5289964417776726,-0.5091831443495144
active,-0.316536460653351,-0.32644310936743015,-0.30662981193927186
