comparison_condition,emmean,ci_low,ci_high
filler,6.731601426357473e-10,6.181258591370687e-12,7.330943016257169e-8
active,2.3845735938396313e-5,1.1636377772861202e-6,4.884405109176845e-4
