contrast,estimate,SE,df,z.ratio,p.value
active - no_prime_eos,1.2346221264546575,0.2052070041560226,Inf,6.0164716673898315,1.7825968069350893e-9
