effect,term,estimate,std.error,statistic,df,p.value,conf.low,conf.high
fixed,comparison_conditionactive,0.08736963303756819,0.005461316978597462,15.997905519852441,2079.0000029700627,2.0409767432680036e-54,0.07665941317345226,0.09807985290168411
