contrast,estimate,SE,df,z.ratio,p.value
active - no_prime_empty,0.3715189659826167,0.16176727703249363,Inf,2.2966261953459903,0.021640102982627765
