effect,term,estimate,std.error,statistic,p.value,conf.low,conf.high
fixed,comparison_conditionactive,10.475156563276764,2.019043675242168,5.1881772998399125,2.1236236877259603e-7,6.51790367658873,14.432409449964798
