comparison_condition,emmean,ci_low,ci_high
no_prime_eos,2.1438535417061757e-4,1.0571062674770896e-4,4.3473344796583925e-4
active,7.36474715605106e-4,4.2003232033827986e-4,0.0012910094054661874
