contrast,estimate,SE,df,z.ratio,p.value
active - no_prime_empty,0.15807499764368443,0.007363212723395958,Inf,21.46821008462992,3.0867991365577536e-102
