effect,term,estimate,std.error,statistic,df,p.value,conf.low,conf.high
fixed,comparison_conditionactive,0.20255333241024248,0.0050558301961730785,40.06331790248052,2079.0000211213687,1.364874308168204e-260,0.19263831498704928,0.21246834983343568
