comparison_condition,emmean,ci_low,ci_high
no_prime_eos,0.9999834467391702,0.9999562116314406,0.9999937424980331
filler,0.9999999985511803,0.9999999918746024,0.9999999997416645
