comparison_condition,emmean,ci_low,ci_high
no_prime_empty,0.4746114582970399,0.46198600393206407,0.4872369126620157
filler,0.5190897930635971,0.5064643386986214,0.5317152474285729
