effect,term,estimate,std.error,statistic,df,p.value,conf.low,conf.high
fixed,comparison_conditionfiller,0.1151836993726762,0.0054873745067447865,20.99067581975653,2079.0001630307847,6.992730913708125e-89,0.10442237794202766,0.12594502080332473
