contrast,estimate,SE,df,z.ratio,p.value
no_prime_empty - no_prime_eos,-0.7376804880316395,0.19808104079578906,Inf,-3.724134753472689,1.9598622774640107e-4
