effect,term,estimate,std.error,statistic,p.value,conf.low,conf.high
fixed,comparison_conditionno_prime_empty,-0.7376804880316395,0.19808104079578906,-3.724134753472689,1.9598622774640107e-4,-1.1259121940115953,-0.3494487820516839
