comparison_condition,emmean,ci_low,ci_high
no_prime_empty,0.9999798695778963,0.9999555219724905,0.9999908892431699
filler,0.9999999987388867,0.9999999970095138,0.9999999994681779
