comparison_condition,emmean,ci_low,ci_high
no_prime_eos,0.4039060936909137,0.3901424549244081,0.4176697324574193
no_prime_empty,0.47461145829703444,0.46084781953052883,0.48837509706354004
