comparison_condition,emmean,ci_low,ci_high
no_prime_eos,0.9997049849148137,0.9994234061182612,0.9998490758745865
no_prime_empty,0.9993832984803607,0.9988970931517973,0.9996552390847984
