contrast,estimate,SE,df,z.ratio,p.value
no_prime_empty - no_prime_eos,0.07070536460612074,0.006742679641714065,Inf,10.486241133079643,9.992495999880702e-26
