contrast,estimate,SE,df,z.ratio,p.value
filler - no_prime_empty,9.678012687604918,0.09501968003697732,Inf,101.85271812995663,0
