comparison_condition,emmean,ci_low,ci_high
no_prime_eos,0.4039060936909226,0.39326307331072563,0.4145491140711196
filler,0.5190897930635988,0.5084467726834019,0.5297328134437957
