effect,term,estimate,std.error,statistic,p.value,conf.low,conf.high
fixed,comparison_conditionfiller,9.678012687604918,0.09501968003697732,101.85271812995663,0,9.491777536909924,9.864247838299912
