contrast,estimate,SE,df,z.ratio,p.value
filler - no_prime_eos,0.1151836993726762,0.0054873745067447865,Inf,20.99067581975653,7.98030708207363e-98
