contrast,estimate,SE,df,z.ratio,p.value
filler - no_prime_eos,9.343605731036702,0.5291378759091316,Inf,17.658168421572736,8.805080829660217e-70
