effect,term,estimate,std.error,statistic,df,p.value,conf.low,conf.high
fixed,comparison_conditionno_prime_empty,0.07070536460612074,0.006742679641714065,10.486241133079643,2079.0000026245625,4.176989423889412e-25,0.05748225711774915,0.08392847209449233
