effect,term,estimate,std.error,statistic,p.value,conf.low,conf.high
fixed,comparison_conditionfiller,9.343605731036702,0.5291378759091316,17.658168421572736,8.805080829660217e-70,8.306514551398779,10.380696910674624
