effect,term,estimate,std.error,statistic,df,p.value,conf.low,conf.high
fixed,comparison_conditionfiller,0.04447833476655725,0.00721575153408999,6.164061297901467,2079.0000098648998,8.492567455047795e-10,0.030327483292883338,0.05862918624023116
