contrast,estimate,SE,df,z.ratio,p.value
filler - no_prime_empty,0.04447833476655725,0.00721575153408999,Inf,6.164061297901467,7.090247525471892e-10
