contrast,estimate,SE,df,z.ratio,p.value
passive - active,0.4279044061279317,0.004174315092351843,Inf,102.50888988038679,0
