comparison_condition,emmean,ci_low,ci_high
active,0.8908653753236454,0.8767262587648376,0.9035611654471485
passive,0.9999999995349023,2.2204460492503126e-16,0.9999999999999998
