contrast,estimate,SE,df,z.ratio,p.value
passive - active,19.389162378015378,28.802250512144795,Inf,0.6731822004617215,0.5008313836663004
