comparison_condition,observed_mean,n_items
active,0.31653646065335644,2080
passive,0.7444408667812863,2080
