comparison_condition,emmean,ci_low,ci_high
active,0.31653646065336655,0.3067472635870224,0.32632565771971067
passive,0.7444408667812983,0.7346516697149541,0.7542300638476425
