effect,term,estimate,std.error,statistic,p.value,conf.low,conf.high
fixed,comparison_conditionpassive,19.389162378015378,28.802250512144795,0.6731822004617215,0.5008313836663004,-37.06221129948874,75.8405360555195
