effect,term,estimate,std.error,statistic,df,p.value,conf.low,conf.high
fixed,comparison_conditionpassive,0.4279044061279317,0.004174315092351843,102.50888988038679,2079.000007150964,0,0.41971813300070976,0.4360906792551536
