effect,term,estimate,std.error,statistic,p.value,conf.low,conf.high
fixed,comparison_conditionpassive,19.005812565560632,1024.6516920153815,0.01854855919690935,0.9852012395797533,-1989.2746004826145,2027.2862256137355
