effect,term,estimate,std.error,statistic,df,p.value,conf.low,conf.high
fixed,comparison_conditionpassive,0.26982940848424486,0.007730137515177052,34.90615890784249,2078.999869066426,1.6736166525930788e-210,0.25466979172972254,0.2849890252387672
