comparison_condition,emmean,ci_low,ci_high
no_prime_empty,0.4746114582970442,0.4620779517576635,0.48714496483642494
passive,0.7444408667812891,0.7319073602419084,0.7569743733206697
