comparison_condition,emmean,ci_low,ci_high
no_prime_empty,0.9048076839217296,0.8914260270869232,0.9166941909484732
passive,0.9999999995376879,2.2204460492503126e-16,0.9999999999999998
