effect,term,estimate,std.error,statistic,df,p.value,conf.low,conf.high
fixed,comparison_conditionpassive,0.34053477309036373,0.005822445077235254,58.48655823681281,2079.0000025718236,0,0.32911634285305663,0.3519532033276708
