comparison_condition,observed_mean,n_items
filler,0.5190897930635989,2080
passive,0.7444408667812863,2080
