contrast,estimate,SE,df,z.ratio,p.value
passive - filler,0.22535107371769095,0.004617717465602226,Inf,48.80139926194065,0
