contrast,estimate,SE,df,z.ratio,p.value
passive - no_prime_empty,19.242957699833745,1019.7664901065596,Inf,0.01886996472871252,0.9849448399478141
