effect,term,estimate,std.error,statistic,p.value,conf.low,conf.high
fixed,comparison_conditionpassive,19.015650551134303,22.012600869489063,0.8638529660296193,0.38766866719310916,-24.128254359119328,62.15955546138794
