contrast,estimate,SE,df,z.ratio,p.value
passive - no_prime_eos,0.34053477309036373,0.005822445077235254,Inf,58.48655823681281,0
