contrast,estimate,SE,df,z.ratio,p.value
passive - filler,19.015650551134303,22.012600869489063,Inf,0.8638529660296193,0.38766866719310916
