effect,term,estimate,std.error,statistic,p.value,conf.low,conf.high
fixed,comparison_conditionpassive,19.242957699833745,1019.7664901065596,0.01886996472871252,0.9849448399478141,-1979.4626355498438,2017.9485509495114
