contrast,estimate,SE,df,z.ratio,p.value
passive - no_prime_eos,19.005812565560632,1024.6516920153815,Inf,0.01854855919690935,0.9852012395797533
