comparison_condition,emmean,ci_low,ci_high
no_prime_eos,0.403906093690921,0.39337231146248686,0.41443987591935516
passive,0.7444408667812847,0.7339070845528506,0.7549746490097189
