effect,term,estimate,std.error,statistic,df,p.value,conf.low,conf.high
fixed,comparison_conditionpassive,0.22535107371769095,0.004617717465602226,48.80139926194065,2079.0000111793856,0,0.2162952416682655,0.2344069057671164
