comparison_condition,emmean,ci_low,ci_high
filler,0.5190897930635986,0.510093965475725,0.5280856206514721
passive,0.7444408667812895,0.735445039193416,0.753436694369163
