comparison_condition,emmean,ci_low,ci_high
no_prime_eos,0.9240384740151316,0.911840537739891,0.9346695976936454
passive,0.9999999995420858,2.2204460492503126e-16,0.9999999999999998
