contrast,estimate,SE,df,z.ratio,p.value
passive - no_prime_empty,0.26982940848424486,0.007730137515177052,Inf,34.90615890784249,5.9953327762369385e-267
