comparison_condition,emmean,ci_low,ci_high
filler,0.9894230735171212,0.9839897628418998,0.9930255790849919
passive,0.9999999999410362,3.1005253274606423e-9,0.9999999999999998
