prompt_template,condition_a,condition_b,passive_choice_rate_a,passive_choice_rate_b,passive_choice_rate_diff_b_minus_a,active_choice_rate_a,active_choice_rate_b,active_choice_rate_diff_b_minus_a,mean_logprob_a,mean_logprob_b,mean_logprob_diff_b_minus_a
role_labeled,active,filler,0.4932692307692308,0.4879807692307692,-0.005288461538461575,0.5067307692307692,0.5120192307692307,0.00528846153846152,-0.12762287534200228,-0.045886558179671945,0.08173631716233035
role_labeled,active,no_prime_eos,0.4932692307692308,0.40865384615384615,-0.08461538461538465,0.5067307692307692,0.5913461538461539,0.08461538461538465,-0.12762287534200228,-0.30712134723479934,-0.17949847189279705
role_labeled,active,passive,0.4932692307692308,0.49903846153846154,0.005769230769230749,0.5067307692307692,0.5009615384615385,-0.005769230769230749,-0.12762287534200228,-0.10838737115263938,0.0192355041893629
role_labeled,no_prime_eos,filler,0.40865384615384615,0.4879807692307692,0.07932692307692307,0.5913461538461539,0.5120192307692307,-0.07932692307692313,-0.30712134723479934,-0.045886558179671945,0.26123478905512737
role_labeled,passive,filler,0.49903846153846154,0.4879807692307692,-0.011057692307692324,0.5009615384615385,0.5120192307692307,0.011057692307692268,-0.10838737115263938,-0.045886558179671945,0.06250081297296745
role_labeled,passive,no_prime_eos,0.49903846153846154,0.40865384615384615,-0.0903846153846154,0.5009615384615385,0.5913461538461539,0.0903846153846154,-0.10838737115263938,-0.30712134723479934,-0.19873397608215995
