prompt_template,condition_a,condition_b,passive_choice_rate_a,passive_choice_rate_b,passive_choice_rate_diff_b_minus_a,active_choice_rate_a,active_choice_rate_b,active_choice_rate_diff_b_minus_a,mean_logprob_a,mean_logprob_b,mean_logprob_diff_b_minus_a
role_labeled,active,filler,0.23125,0.21153846153846154,-0.019711538461538475,0.76875,0.7884615384615384,0.01971153846153839,-3.018628031015396,-2.924822006775783,0.09380602423961326
role_labeled,active,no_prime_eos,0.23125,0.2831730769230769,0.051923076923076905,0.76875,0.7168269230769231,-0.05192307692307696,-3.018628031015396,-2.0723514538544876,0.9462765771609085
role_labeled,active,passive,0.23125,0.4793269230769231,0.24807692307692308,0.76875,0.520673076923077,-0.24807692307692308,-3.018628031015396,-0.13540982695726247,2.883218204058134
role_labeled,no_prime_eos,filler,0.2831730769230769,0.21153846153846154,-0.07163461538461538,0.7168269230769231,0.7884615384615384,0.07163461538461535,-2.0723514538544876,-2.924822006775783,-0.8524705529212953
role_labeled,passive,filler,0.4793269230769231,0.21153846153846154,-0.2677884615384616,0.520673076923077,0.7884615384615384,0.2677884615384615,-0.13540982695726247,-2.924822006775783,-2.7894121798185205
role_labeled,passive,no_prime_eos,0.4793269230769231,0.2831730769230769,-0.19615384615384618,0.520673076923077,0.7168269230769231,0.19615384615384612,-0.13540982695726247,-2.0723514538544876,-1.936941626897225
