prompt_template,prime_condition,n_items,n_active_choice,n_passive_choice,active_choice_rate,passive_choice_rate,mean_passive_minus_active_logprob,sd_passive_minus_active_logprob
role_labeled,active,2080,1599,481,0.76875,0.23125,-3.018628031015396,4.0591903794847415
role_labeled,filler,2080,1640,440,0.7884615384615384,0.21153846153846154,-2.924822006775783,3.619911169179894
role_labeled,no_prime_eos,2080,1491,589,0.7168269230769231,0.2831730769230769,-2.0723514538544876,3.699850143821681
role_labeled,passive,2080,1083,997,0.520673076923077,0.4793269230769231,-0.13540982695726247,3.7409125319493315
