prompt_column,prime_condition,n_items,active_rate,passive_rate,other_rate,congruent_rate,manually_reviewed_rate
prompt_active,active,2048,0.40625,0.0,0.59375,0.40625,0.59375
prompt_filler,filler,2048,0.01953125,0.0927734375,0.8876953125,0.0,0.91064453125
prompt_no_prime,no_prime,2048,0.0,0.07470703125,0.92529296875,0.0,0.9501953125
prompt_passive,passive,2048,0.0576171875,0.5078125,0.4345703125,0.5078125,0.45263671875
