prompt_template,prime_condition,n_items,n_active_choice,n_passive_choice,active_choice_rate,passive_choice_rate,mean_passive_minus_active_logprob,sd_passive_minus_active_logprob
role_labeled,active,2080,1054,1026,0.5067307692307692,0.4932692307692308,-0.12762287534200228,2.0455659500461016
role_labeled,filler,2080,1065,1015,0.5120192307692307,0.4879807692307692,-0.045886558179671945,1.9770062816551068
role_labeled,no_prime_eos,2080,1230,850,0.5913461538461539,0.40865384615384615,-0.30712134723479934,1.832427079372659
role_labeled,passive,2080,1042,1038,0.5009615384615385,0.49903846153846154,-0.10838737115263938,2.042704492647703
