prompt_template,condition_a,condition_b,passive_choice_rate_a,passive_choice_rate_b,passive_choice_rate_diff_b_minus_a,active_choice_rate_a,active_choice_rate_b,active_choice_rate_diff_b_minus_a,mean_logprob_a,mean_logprob_b,mean_logprob_diff_b_minus_a
demo__involving_event__did_to__mary_answered,active,filler,0.15144230769230768,0.5149038461538461,0.3634615384615384,0.8485576923076923,0.48509615384615384,-0.36346153846153845,-1.226720589857835,0.1320929894080529,1.358813579265888
demo__involving_event__did_to__mary_answered,active,no_prime,0.15144230769230768,0.42980769230769234,0.2783653846153846,0.8485576923076923,0.5701923076923077,-0.2783653846153846,-1.226720589857835,-0.21833871694711537,1.0083818729107197
demo__involving_event__did_to__mary_answered,active,passive,0.15144230769230768,0.34134615384615385,0.18990384615384617,0.8485576923076923,0.6586538461538461,-0.18990384615384615,-1.226720589857835,-0.41501561678372895,0.8117049730741062
demo__involving_event__did_to__mary_answered,no_prime,filler,0.42980769230769234,0.5149038461538461,0.08509615384615377,0.5701923076923077,0.48509615384615384,-0.08509615384615382,-0.21833871694711537,0.1320929894080529,0.3504317063551683
demo__involving_event__did_to__mary_answered,passive,filler,0.34134615384615385,0.5149038461538461,0.17355769230769225,0.6586538461538461,0.48509615384615384,-0.1735576923076923,-0.41501561678372895,0.1320929894080529,0.5471086061917818
demo__involving_event__did_to__mary_answered,passive,no_prime,0.34134615384615385,0.42980769230769234,0.08846153846153848,0.6586538461538461,0.5701923076923077,-0.08846153846153848,-0.41501561678372895,-0.21833871694711537,0.19667689983661357
