model_name,model_condition,prompt_format_used,task,lexicality_condition,active_mean,passive_mean,filler_mean,no_prime_mean,priming_effect_active_minus_passive,active_minus_no_prime,passive_minus_no_prime,active_minus_filler,passive_minus_filler
meta-llama/Llama-3.2-3B,Llama_32_3B_exp3,plain_text,experiment_3_demo_prompt_continuation,nonce,4.402072906494141,-0.4680652618408203,4.8499603271484375,4.328083038330078,4.870138168334961,0.0739898681640625,-4.796148300170898,-0.4478874206542969,-5.318025588989258
meta-llama/Llama-3.2-3B,Llama_32_3B_exp3,plain_text,experiment_3_demo_prompt_continuation,real,2.5468902587890625,0.3656635284423828,3.311746597290039,4.607606887817383,2.1812267303466797,-2.0607166290283203,-4.241943359375,-0.7648563385009766,-2.9460830688476562
