prompt_template,condition_a,condition_b,passive_choice_rate_a,passive_choice_rate_b,passive_choice_rate_diff_b_minus_a,active_choice_rate_a,active_choice_rate_b,active_choice_rate_diff_b_minus_a,mean_logprob_a,mean_logprob_b,mean_logprob_diff_b_minus_a
demo__involving_event__did_to__mary_answered,active,filler,0.03317307692307692,0.27307692307692305,0.23990384615384613,0.9668269230769231,0.7269230769230769,-0.2399038461538462,-2.013553333282471,-0.5216326493483323,1.4919206839341386
demo__involving_event__did_to__mary_answered,active,no_prime,0.03317307692307692,0.11826923076923077,0.08509615384615385,0.9668269230769231,0.8817307692307692,-0.08509615384615388,-2.013553333282471,-1.3760326678936299,0.637520665388841
demo__involving_event__did_to__mary_answered,active,passive,0.03317307692307692,0.5317307692307692,0.4985576923076923,0.9668269230769231,0.46826923076923077,-0.4985576923076923,-2.013553333282471,0.1158694340632512,2.129422767345722
demo__involving_event__did_to__mary_answered,no_prime,filler,0.11826923076923077,0.27307692307692305,0.15480769230769229,0.8817307692307692,0.7269230769230769,-0.1548076923076923,-1.3760326678936299,-0.5216326493483323,0.8544000185452976
demo__involving_event__did_to__mary_answered,passive,filler,0.5317307692307692,0.27307692307692305,-0.2586538461538462,0.46826923076923077,0.7269230769230769,0.2586538461538461,0.1158694340632512,-0.5216326493483323,-0.6375020834115835
demo__involving_event__did_to__mary_answered,passive,no_prime,0.5317307692307692,0.11826923076923077,-0.41346153846153844,0.46826923076923077,0.8817307692307692,0.41346153846153844,0.1158694340632512,-1.3760326678936299,-1.491902101956881
