prime_condition,n_items,mean_delta_mean,mean_delta_sum,passive_choice_rate
active,2080,0.31396915123721764,-5.490279447115385,0.7336538461538461
filler,2080,1.135012964195093,-3.0921724759615383,0.9725961538461538
no_prime_empty,2080,1.2676283780238857,-2.534307391826923,0.96875
no_prime_eos,2080,1.3939788363762975,-3.4564302884615383,0.9653846153846154
passive,2080,1.6420909049717642,4.187605168269231,1.0
