prompt_template,prime_condition,n_items,n_active_choice,n_passive_choice,active_choice_rate,passive_choice_rate,mean_passive_minus_active_logprob,sd_passive_minus_active_logprob
processing_teacher_forced,active,2080,228,1852,0.10961538461538461,0.8903846153846153,0.6695756633232219,0.49711583998661124
processing_teacher_forced,filler,2080,57,2023,0.027403846153846154,0.9725961538461538,1.135012964195093,0.5435563573340292
processing_teacher_forced,no_prime_empty,2080,65,2015,0.03125,0.96875,1.2676283780238857,0.5976798457353395
processing_teacher_forced,no_prime_eos,2080,72,2008,0.03461538461538462,0.9653846153846154,1.3939788363762975,0.6433981606013923
processing_teacher_forced,passive,2080,2,2078,0.0009615384615384616,0.9990384615384615,1.371847643729968,0.4704794581306788
