prime_condition,n_items,mean_delta_mean,mean_delta_sum,passive_choice_rate
active,2080,0.4692828500299954,-6.18511295410303,0.8346153846153846
filler,2080,1.5418608131498934,-2.437432146072388,0.99375
no_prime_empty,2080,1.2670308582875902,-1.6961109161376953,0.9966346153846154
no_prime_eos,2080,1.5306223449216512,-2.239007251079266,0.9855769230769231
passive,2080,1.954839280842643,4.407680549071386,1.0
