prompt_template,prime_condition,n_items,n_active_choice,n_passive_choice,active_choice_rate,passive_choice_rate,mean_passive_minus_active_logprob,sd_passive_minus_active_logprob
processing_teacher_forced,active,2080,344,1736,0.16538461538461538,0.8346153846153846,0.4692828500299954,0.485016856296186
processing_teacher_forced,filler,2080,13,2067,0.00625,0.99375,1.5418608131498934,0.5826560017794951
processing_teacher_forced,no_prime_empty,2080,7,2073,0.0033653846153846156,0.9966346153846154,1.2670308582875902,0.4901786410224122
processing_teacher_forced,no_prime_eos,2080,30,2050,0.014423076923076924,0.9855769230769231,1.530622344921651,0.6108013863612661
processing_teacher_forced,passive,2080,0,2080,0.0,1.0,1.954839280842643,0.5184179525512742
