prompt_template,condition_a,condition_b,passive_choice_rate_a,passive_choice_rate_b,passive_choice_rate_diff_b_minus_a,active_choice_rate_a,active_choice_rate_b,active_choice_rate_diff_b_minus_a,mean_logprob_a,mean_logprob_b,mean_logprob_diff_b_minus_a,mean_logprob_sum_a,mean_logprob_sum_b,mean_logprob_sum_diff_b_minus_a
processing_teacher_forced,active,filler,0.9970703125,0.9580078125,-0.0390625,0.0029296875,0.0419921875,0.0390625,0.8757546146710713,0.6573576529820759,-0.21839696168899536,-6.523458957672119,-7.32577109336853,-0.8023121356964111
processing_teacher_forced,active,no_prime,0.9970703125,0.96826171875,-0.02880859375,0.0029296875,0.03173828125,0.02880859375,0.8757546146710713,1.6009175845554897,0.7251629698844184,-6.523458957672119,-7.150423526763916,-0.6269645690917969
processing_teacher_forced,active,passive,0.9970703125,1.0,0.0029296875,0.0029296875,0.0,-0.0029296875,0.8757546146710713,1.5207400818665824,0.6449854671955111,-6.523458957672119,-0.8012182712554932,5.722240686416626
processing_teacher_forced,no_prime,filler,0.96826171875,0.9580078125,-0.01025390625,0.03173828125,0.0419921875,0.01025390625,1.6009175845554897,0.6573576529820759,-0.9435599315734138,-7.150423526763916,-7.32577109336853,-0.17534756660461426
processing_teacher_forced,passive,filler,1.0,0.9580078125,-0.0419921875,0.0,0.0419921875,0.0419921875,1.5207400818665824,0.6573576529820759,-0.8633824288845064,-0.8012182712554932,-7.32577109336853,-6.524552822113037
processing_teacher_forced,passive,no_prime,1.0,0.96826171875,-0.03173828125,0.0,0.03173828125,0.03173828125,1.5207400818665824,1.6009175845554897,0.08017750268890733,-0.8012182712554932,-7.150423526763916,-6.349205255508423
