prime_condition,n_items,mean_delta_mean,mean_delta_sum,passive_choice_rate
active,2048,0.8757546146710714,-6.523458957672119,0.9970703125
filler,2048,0.657357652982076,-7.32577109336853,0.9580078125
no_prime,2048,1.6009175845554897,-7.150423526763916,0.96826171875
passive,2048,1.5207400818665822,-0.8012182712554932,1.0
