"n_items","mean_diff","sd_diff","effect_size_dz","t_stat","t_p_two_sided","perm_p_two_sided","bootstrap_ci95_low","bootstrap_ci95_high","metric","contrast","mean_overlap","mean_strict"
2080,0.143269230769231,0.354525317414994,0.404115654740463,18.4305095373169,2.22453069640397e-70,0,0.127884615384615,0.158653846153846,"passive_choice_indicator","active_vs_passive_prime_contrast",0.165384615384615,0.0221153846153847
2080,0.848390976247697,0.517837091180447,1.63833566713757,74.7196026293465,0,0,0.826550840865116,0.8705873703877,"passive_minus_active_logprob","active_vs_passive_prime_contrast",1.48555643081265,0.63716545456495
2080,0.143269230769231,0.354525317414994,0.404115654740463,18.4305095373169,2.22453069640397e-70,0,0.127884615384615,0.158653846153846,"passive_choice_indicator","active_priming_vs_filler",0.159134615384615,0.0158653846153846
2080,0.632422099063248,0.38750716493329,1.63202685341862,74.4318764547915,0,0,0.615906327116975,0.649225293528539,"passive_minus_active_logprob","active_priming_vs_filler",1.0725779631199,0.44015586405665
2080,0,0,NA,NA,NA,1,0,0,"passive_choice_indicator","passive_priming_vs_filler",0.00624999999999994,0.00624999999999994
2080,0.215968877184449,0.417861931641027,0.516842671779878,23.5716525202399,4.49851430305881e-109,0,0.198093278236433,0.233792025012047,"passive_minus_active_logprob","passive_priming_vs_filler",0.41297846769275,0.1970095905083
