passive_choice_after_active,passive_choice_after_passive,passive_choice_shift,passive_choice_ci_low,passive_choice_ci_high,passive_choice_p,logprob_shift,logprob_ci_low,logprob_ci_high,logprob_p
0.9543269230769232,0.9995192307692308,0.04519230769230769,0.03653846153846154,0.05432692307692308,1.0807202094248854e-22,0.2787826121452294,0.27268729310145196,0.28502892713236466,0
