"condition","n_items","active_pe_mean","passive_pe_mean","passive_minus_active","bootstrap_ci95_low","bootstrap_ci95_high","t_p_two_sided","effect_size_dz"
"CORE",15000,0.0311782379018408,0.174556555946025,0.143378318044184,0.137463476625862,0.149295995383211,0,0.388663471475899
"jabberwocky",15000,-0.112068096182379,0.385403548416968,0.497471644599348,0.492053993341784,0.502890727809986,0,1.48186954788718
