baseline,baseline_passive_choice,active_priming,active_priming_ci_low,active_priming_ci_high,active_priming_p,passive_priming,passive_priming_ci_low,passive_priming_ci_high,passive_priming_p,imbalance_passive_minus_active
no_prime_eos,0.9855769230769232,0.00769230769230769,0,0.01538461538461538,0.05580988151772067,0.01442307692307692,0.00961538461538461,0.01971153846153846,3.9037983005063245e-8,0.00673076923076923
no_prime_empty,0.9966346153846154,0.01875,0.0125,0.02548076923076923,2.265880447467554e-8,0.00336538461538461,9.6153846153846e-4,0.00625,0.00812029832958915,-0.015384615384615389
filler,0.99375,0.01586538461538461,0.00913461538461538,0.02259615384615384,2.2983488811283635e-06,0.00625,0.00288461538461538,0.01009615384615384,3.0631267681058e-4,-0.00961538461538461
