baseline,baseline_passive_choice,active_priming,active_priming_ci_low,active_priming_ci_high,active_priming_p,passive_priming,passive_priming_ci_low,passive_priming_ci_high,passive_priming_p,imbalance_passive_minus_active
no_prime_eos,0.9855769230769232,0.15096153846153845,0.13557692307692307,0.16634615384615384,6.076218342922184e-75,0.01442307692307692,0.00961538461538461,0.01971153846153846,3.9037983005063225e-8,-0.13653846153846153
no_prime_empty,0.9966346153846154,0.16201923076923078,0.14615384615384616,0.1778846153846154,6.900836568205003e-82,0.00336538461538461,9.6153846153846e-4,0.00625,0.00812029832958915,-0.15865384615384617
filler,0.99375,0.15913461538461535,0.14326923076923076,0.175,2.6045949181358352e-79,0.00625,0.00288461538461538,0.01009615384615384,3.0631267681058e-4,-0.15288461538461534
