"baseline","baseline_passive_choice","active_priming","active_priming_ci_low","active_priming_ci_high","active_priming_p","passive_priming","passive_priming_ci_low","passive_priming_ci_high","passive_priming_p","imbalance_passive_minus_active"
"no_prime_eos",0.945673076923077,-0.00865384615384615,-0.0206730769230769,0.00336538461538462,0.159905103255062,0.0538461538461538,0.0442307692307692,0.0634735576923077,7.69199658145564e-27,0.0625
"no_prime_empty",0.948076923076923,-0.00625,-0.0182692307692308,0.00576923076923077,0.311629750590873,0.0514423076923077,0.0418269230769231,0.0610576923076923,1.09977100492838e-25,0.0576923076923077
"filler",0.970192307692308,0.0158653846153846,0.00576923076923077,0.0259615384615385,0.00171975085055658,0.0293269230769231,0.0221153846153846,0.0365384615384615,3.67317584811896e-15,0.0134615384615385
