"baseline","baseline_passive_choice","active_priming","active_priming_ci_low","active_priming_ci_high","active_priming_p","passive_priming","passive_priming_ci_low","passive_priming_ci_high","passive_priming_p","imbalance_passive_minus_active"
"no_prime_eos",0.985576923076923,0.00769230769230769,0,0.0153846153846154,0.0558098815177207,0.0144230769230769,0.00961538461538462,0.0197115384615385,3.90379830050632e-08,0.00673076923076923
"no_prime_empty",0.996634615384615,0.01875,0.0125,0.0254807692307692,2.26588044746755e-08,0.00336538461538462,0.000961538461538462,0.00625,0.00812029832958916,-0.0153846153846154
"filler",0.99375,0.0158653846153846,0.00913461538461538,0.0225961538461538,2.29834888112836e-06,0.00625,0.00288461538461538,0.0100961538461538,0.000306312676810587,-0.00961538461538461
