"baseline","baseline_passive_choice","active_priming","active_priming_ci_low","active_priming_ci_high","active_priming_p","passive_priming","passive_priming_ci_low","passive_priming_ci_high","passive_priming_p","imbalance_passive_minus_active"
"no_prime_eos",0.985576923076923,0.150961538461538,0.135576923076923,0.166346153846154,6.07621834292218e-75,0.0144230769230769,0.00961538461538462,0.0197115384615385,3.90379830050632e-08,-0.136538461538462
"no_prime_empty",0.996634615384615,0.162019230769231,0.146153846153846,0.177884615384615,6.900836568205e-82,0.00336538461538462,0.000961538461538462,0.00625,0.00812029832958915,-0.158653846153846
"filler",0.99375,0.159134615384615,0.143269230769231,0.175,2.60459491813583e-79,0.00625,0.00288461538461538,0.0100961538461538,0.000306312676810587,-0.152884615384615
