passive_choice_after_active,passive_choice_after_passive,passive_choice_shift,passive_choice_ci_low,passive_choice_ci_high,passive_choice_p,logprob_shift,logprob_ci_low,logprob_ci_high,logprob_p
0.9778846153846154,1,0.02211538461538461,0.01586538461538461,0.02884615384615384,9.242824224124632e-12,0.6371654545649503,0.6245968001284006,0.6496374796668434,0
