condition,n_items,pe_active_target_logprob_same_minus_other,pe_active_target_logprob_ci95_low,pe_active_target_logprob_ci95_high,pe_active_target_logprob_p,pe_passive_target_logprob_same_minus_other,pe_passive_target_logprob_ci95_low,pe_passive_target_logprob_ci95_high,pe_passive_target_logprob_p,pe_logprob_imbalance_passive_minus_active,pe_logprob_imbalance_ci95_low,pe_logprob_imbalance_ci95_high,pe_logprob_imbalance_p,pe_active_target_logprob_sum_same_minus_other,pe_active_target_logprob_sum_ci95_low,pe_active_target_logprob_sum_ci95_high,pe_active_target_logprob_sum_p,pe_passive_target_logprob_sum_same_minus_other,pe_passive_target_logprob_sum_ci95_low,pe_passive_target_logprob_sum_ci95_high,pe_passive_target_logprob_sum_p,pe_logprob_sum_imbalance_passive_minus_active,pe_logprob_sum_imbalance_ci95_low,pe_logprob_sum_imbalance_ci95_high,pe_logprob_sum_imbalance_p
processing_1b_core_core_lexically_controlled,2048,0.08883801758998916,0.07815695546035255,0.09945588535850956,1.0708551203885194e-56,0.15904571151153907,0.15026030244305727,0.1678217810464816,1.9183455386052755e-213,0.07020769392154992,0.05297163564497459,0.08719730718238722,5.495009242408239e-15,0.546206422150135,0.48146429732441903,0.6123041462153196,6.046748585540118e-57,1.2812435766682029,1.211067452887073,1.3542573468759656,2.5672826691641923e-213,0.7350371545180678,0.6134313117945567,0.8595236171269789,4.625539061033191e-31
processing_1b_jabberwocky_jabberwocky,2048,-0.28117847442626953,-0.3016486446062724,-0.2612108111381531,1.4805958280503337e-140,0.9261639416217804,0.9129587762057781,0.9391643650829792,0.0,1.20734241604805,1.1760829123357932,1.2379365714887778,0.0,-1.6870708465576172,-1.8068615436553954,-1.5680034399032592,1.4805958280501648e-140,7.409311532974243,7.305498051643371,7.5138504803180695,0.0,9.09638237953186,8.88797053694725,9.300779455900193,0.0
