prompt_template,condition_a,condition_b,passive_choice_rate_a,passive_choice_rate_b,passive_choice_rate_diff_b_minus_a,active_choice_rate_a,active_choice_rate_b,active_choice_rate_diff_b_minus_a,mean_logprob_a,mean_logprob_b,mean_logprob_diff_b_minus_a,mean_logprob_sum_a,mean_logprob_sum_b,mean_logprob_sum_diff_b_minus_a
processing_teacher_forced,active,filler,0.8896484375,0.9892578125,0.099609375,0.1103515625,0.0107421875,-0.099609375,0.3160464061535337,0.5182810121087276,0.20223460595519388,-8.445398211479187,-5.617982864379883,2.827415347099304
processing_teacher_forced,active,no_prime,0.8896484375,0.92578125,0.0361328125,0.1103515625,0.07421875,-0.0361328125,0.3160464061535337,0.5677202930174352,0.2516738868639015,-8.445398211479187,-7.442852139472961,1.0025460720062256
processing_teacher_forced,active,passive,0.8896484375,1.0,0.1103515625,0.1103515625,0.0,-0.1103515625,0.3160464061535337,0.7442760914092658,0.4282296852557321,-8.445398211479187,-0.8249490857124329,7.620449125766754
processing_teacher_forced,no_prime,filler,0.92578125,0.9892578125,0.0634765625,0.07421875,0.0107421875,-0.0634765625,0.5677202930174352,0.5182810121087276,-0.04943928090870764,-7.442852139472961,-5.617982864379883,1.8248692750930786
processing_teacher_forced,passive,filler,1.0,0.9892578125,-0.0107421875,0.0,0.0107421875,0.0107421875,0.7442760914092658,0.5182810121087276,-0.2259950793005382,-0.8249490857124329,-5.617982864379883,-4.79303377866745
processing_teacher_forced,passive,no_prime,1.0,0.92578125,-0.07421875,0.0,0.07421875,0.07421875,0.7442760914092658,0.5677202930174352,-0.17655579839183055,-0.8249490857124329,-7.442852139472961,-6.617903053760529
