prime_condition,n_items,mean_delta_mean,mean_delta_sum,passive_choice_rate
active,2048,0.3160464061535337,-8.445398211479187,0.8896484375
filler,2048,0.5182810121087277,-5.617982864379883,0.9892578125
no_prime,2048,0.5677202930174352,-7.442852139472961,0.92578125
passive,2048,0.7442760914092658,-0.8249490857124329,1.0
