effect,term,estimate,std.error,statistic,p.value,conf.low,conf.high
fixed,comparison_conditionactive,14.095859493308923,0.16456936004800385,85.6530005901296,0,13.773309474656031,14.418409511961816
