comparison_condition,observed_mean,n_items
filler,0.006249999999999936,2080
active,0.16538461538461527,2080
