comparison_condition,observed_mean,n_items
no_prime_eos,0.014423076923076905,2080
active,0.16538461538461527,2080
