comparison_condition,emmean,ci_low,ci_high
filler,-1.5418608131499074,-1.5648981950085135,-1.5188234312913014
active,-0.469282850030009,-0.49232023188861507,-0.446245468171403
