contrast,estimate,SE,df,z.ratio,p.value
active - no_prime_eos,14.095859493308923,0.16456936004800385,Inf,85.6530005901296,0
