effect,term,estimate,std.error,statistic,df,p.value,conf.low,conf.high
fixed,comparison_conditionactive,0.797748008257594,0.008178641305931317,97.54040780331702,2079.0000826024143,0,0.7817088281628313,0.8137871883523566
