effect,term,estimate,std.error,statistic,df,p.value,conf.low,conf.high
fixed,comparison_conditionactive,1.0613394948916561,0.0098553979085873,107.69118656963406,2079.0000094479747,0,1.0420120178631695,1.0806669719201427
