contrast,estimate,SE,df,z.ratio,p.value
active - no_prime_eos,1.0613394948916561,0.0098553979085873,Inf,107.69118656963406,0
