comparison_condition,emmean,ci_low,ci_high
no_prime_eos,-1.5306223449216507,-1.5543233826441178,-1.5069213071991836
active,-0.4692828500299946,-0.49298388775246166,-0.4455818123075275
