comparison_condition,emmean,ci_low,ci_high
filler,2.5070805751482752e-11,2.5045453786804795e-11,2.5096183378387418e-11
active,1.2389549175442122e-5,1.2371597105650552e-5,1.2407527294644153e-5
