comparison_condition,emmean,ci_low,ci_high
no_prime_eos,5.090581415720185e-12,2.3046317580410315e-12,1.1244320946100182e-11
active,6.737805299095e-6,3.116006933295651e-6,1.4569232389066653e-5
