effect,term,estimate,std.error,statistic,p.value,conf.low,conf.high
fixed,comparison_conditionactive,13.110672204660482,5.294764803639155e-4,24761.576181154185,0,13.109634449828308,13.111709959492655
