contrast,estimate,SE,df,z.ratio,p.value
active - no_prime_empty,0.797748008257594,0.008178641305931317,Inf,97.54040780331702,0
