contrast,estimate,SE,df,z.ratio,p.value
active - filler,13.110672204660482,5.294764803639155e-4,Inf,24761.576181154185,0
