effect,term,estimate,std.error,statistic,p.value,conf.low,conf.high
fixed,comparison_conditionactive,14.958349877291518,0.0017313496995731948,8639.704550143157,0,14.95495649423571,14.961743260347326
