contrast,estimate,SE,df,z.ratio,p.value
active - filler,1.0725779631198984,0.009618877598495891,Inf,111.50760077117708,0
