comparison_condition,emmean,ci_low,ci_high
no_prime_empty,-1.2670308582876149,-1.2879856915214274,-1.2460760250538023
active,-0.4692828500300209,-0.4902376832638333,-0.4483280167962085
