comparison_condition,observed_mean,n_items
filler,-1.5418608131498936,2080
active,-0.4692828500299954,2080
