comparison_condition,emmean,ci_low,ci_high
no_prime_empty,3.365666371566373e-12,3.3246442594596947e-12,3.4071946472052544e-12
active,1.0553470249942942e-5,1.042851086708361e-5,1.067992693963701e-5
