contrast,estimate,SE,df,z.ratio,p.value
active - no_prime_empty,14.958349877291518,0.0017313496995731948,Inf,8639.704550143157,0
