contrast,estimate,SE,df,z.ratio,p.value
filler - no_prime_empty,0.27482995486230655,0.007376795230093066,Inf,37.25600972915162,8.469013387348602e-304
