contrast,estimate,SE,df,z.ratio,p.value
filler - no_prime_eos,3.100299980656712,0.603998131652988,Inf,5.132962865583683,2.852161968040892e-7
