effect,term,estimate,std.error,statistic,df,p.value,conf.low,conf.high
fixed,comparison_conditionno_prime_empty,-0.263591486634058,0.007177546937141573,-36.72445320699389,2079.0000026747366,5.2653291996654606e-228,-0.27766741485486357,-0.2495155584132525
