effect,term,estimate,std.error,statistic,df,p.value,conf.low,conf.high
fixed,comparison_conditionfiller,0.011238468228246746,0.008750519094770657,1.284320176498203,2079.0000483960093,0.1991730449185446,-0.0059222246588769845,0.028399161115370476
