comparison_condition,emmean,ci_low,ci_high
no_prime_empty,1.2670308582876204,1.2438928102670659,1.290168906308175
filler,1.541860813149927,1.5187227651293724,1.5649988611704815
