contrast,estimate,SE,df,z.ratio,p.value
filler - no_prime_eos,0.011238468228246746,0.008750519094770657,Inf,1.284320176498203,0.19902994997562268
