contrast,estimate,SE,df,z.ratio,p.value
filler - no_prime_empty,-2.5197982153874356,1.0920872856100263,Inf,-2.3073230945820487,0.021036814980548015
