comparison_condition,emmean,ci_low,ci_high
no_prime_eos,1.5306223449216518,1.50682344806147,1.5544212417818337
no_prime_empty,1.2670308582875938,1.2432319614274119,1.2908297551477756
