effect,term,estimate,std.error,statistic,df,p.value,conf.low,conf.high
fixed,comparison_conditionfiller,0.27482995486230655,0.007376795230093066,37.25600972915162,2079.0000061488704,3.696721988802222e-233,0.26036327967820505,0.28929663004640804
