contrast,estimate,SE,df,z.ratio,p.value
no_prime_empty - no_prime_eos,-0.263591486634058,0.007177546937141573,Inf,-36.72445320699389,2.9739661852471825e-295
