comparison_condition,emmean,ci_low,ci_high
no_prime_eos,0.9999903063309185,0.9999902884858237,0.9999903241432228
no_prime_empty,0.9999999776964231,0.9999999776380246,0.9999999777546692
