comparison_condition,emmean,ci_low,ci_high
no_prime_empty,0.9999993709124605,0.9999851750048625,0.9999999733055054
filler,0.9999921829584235,0.9999326588560168,0.9999990926360872
