comparison_condition,emmean,ci_low,ci_high
no_prime_eos,1.5306223449215817,1.5049707668781938,1.5562739229649696
filler,1.5418608131498284,1.5162092351064405,1.5675123911932163
