comparison_condition,observed_mean,n_items
active,0.4692828500299954,2080
passive,1.9548392808426431,2080
