effect,term,estimate,std.error,statistic,df,p.value,conf.low,conf.high
fixed,comparison_conditionpassive,1.4855564308126528,0.010477825521154421,141.78098574111183,2079.0000007753133,0,1.4650083074443774,1.5061045541809281
