effect,term,estimate,std.error,statistic,p.value,conf.low,conf.high
fixed,comparison_conditionpassive,19.851808603388495,9.846165894648621,2.0161968441114655,0.043779396312888484,0.5536780640706027,39.14993914270639
