comparison_condition,emmean,ci_low,ci_high
active,0.8346154010199125,0.8180164662800047,0.8499779922454687
passive,0.999999999526328,0.897725136826755,0.9999999999999998
