contrast,estimate,SE,df,z.ratio,p.value
passive - active,1.4855564308126528,0.010477825521154421,Inf,141.78098574111183,0
