contrast,estimate,SE,df,z.ratio,p.value
passive - active,19.851808603388495,9.846165894648621,Inf,2.0161968441114655,0.043779396312888484
