comparison_condition,emmean,ci_low,ci_high
active,0.46928285002999864,0.4477095760896484,0.4908561239703489
passive,1.9548392808426514,1.933266006902301,1.9764125547830016
