comparison_condition,emmean,ci_low,ci_high
filler,1.5418608131498783,1.5181612266813949,1.5655603996183618
passive,1.9548392808426274,1.931139694374144,1.9785388673111108
