effect,term,estimate,std.error,statistic,df,p.value,conf.low,conf.high
fixed,comparison_conditionpassive,0.4242169359209947,0.011625322891259247,36.49076588143211,2078.9999997515683,9.598018864339546e-226,0.4014184489178077,0.44701542292418167
