comparison_condition,emmean,ci_low,ci_high
no_prime_eos,1.530622344921624,1.5062771478053174,1.5549675420379307
passive,1.9548392808426187,1.930494083726312,1.9791844779589254
