comparison_condition,emmean,ci_low,ci_high
no_prime_empty,0.996634617404315,0.9929464191632227,0.9983974316034403
passive,0.999999999941512,2.2204460492503126e-16,0.9999999999999998
