contrast,estimate,SE,df,z.ratio,p.value
passive - filler,0.41297846769274904,0.01108256067529708,Inf,37.26381292125691,6.331002823008873e-304
