contrast,estimate,SE,df,z.ratio,p.value
passive - no_prime_eos,18.32567740069052,24.08246124900443,Inf,0.7609553363839878,0.4466837448511201
