comparison_condition,emmean,ci_low,ci_high
no_prime_empty,1.2670308582876266,1.2453501191040006,1.2887115974712526
passive,1.9548392808426875,1.9331585416590615,1.9765200200263136
