comparison_condition,observed_mean,n_items
filler,1.5418608131498936,2080
passive,1.9548392808426431,2080
