contrast,estimate,SE,df,z.ratio,p.value
passive - no_prime_empty,0.6878084225550608,0.009697900445924355,Inf,70.92343609735853,0
