effect,term,estimate,std.error,statistic,df,p.value,conf.low,conf.high
fixed,comparison_conditionpassive,0.41297846769274904,0.01108256067529708,37.26381292125691,2079.00000807464,3.1049236312706218e-233,0.39124439476586503,0.43471254061963305
