contrast,estimate,SE,df,z.ratio,p.value
passive - filler,18.489957993643998,65.42124417566446,Inf,0.2826292625067796,0.7774610462724276
