comparison_condition,emmean,ci_low,ci_high
filler,0.9937499990991184,0.9892567552206036,0.9963708872565067
passive,0.9999999999413165,2.2204460492503126e-16,0.9999999999999998
