effect,term,estimate,std.error,statistic,df,p.value,conf.low,conf.high
fixed,comparison_conditionpassive,0.6878084225550608,0.009697900445924355,70.92343609735853,2079.0000022183226,0,0.6687898146985262,0.7068270304115954
