contrast,estimate,SE,df,z.ratio,p.value
passive - no_prime_empty,17.87135707777269,49.26729855140295,Inf,0.3627427848337704,0.7167970357623343
