contrast,estimate,SE,df,z.ratio,p.value
passive - no_prime_eos,0.4242169359209947,0.011625322891259247,Inf,36.49076588143211,1.5537394562327061e-291
