prime_condition,n_items,mean_delta_mean,mean_delta_sum,passive_choice_rate
active,2080,0.3520882421760654,-6.573249376737154,0.9543269230769231
filler,2080,0.5148954945732818,-5.574108310846182,0.9639423076923077
no_prime,2080,0.5396177717768971,-5.155517845887404,0.9456730769230769
passive,2080,0.6308692457871603,-1.2703690932347225,0.9995192307692308
