prompt_template,metric,n_items,mean_diff,sd_diff,effect_size_dz,t_stat,t_p_two_sided,perm_p_two_sided,bootstrap_ci95_low,bootstrap_ci95_high,mcnemar_b,mcnemar_c,mcnemar_p_exact
role_labeled,logprob_delta,15000,0.11811618395646413,0.5910520056140125,0.19984059411787208,24.4753742741712,9.348264091279578e-130,0.0,0.10864489965538184,0.12753906899909176,,,
role_labeled,passive_choice_delta,15000,0.025866666666666666,0.3160235860649521,0.08185043081357322,10.02458953601159,1.410029742255338e-23,0.0,0.020866666666666665,0.030866666666666667,948.0,560.0,1.229649062438366e-23
