prompt_template,prime_structure,n_items,n_active_choice,n_passive_choice,active_choice_rate,passive_choice_rate,mean_passive_minus_active_logprob,sd_passive_minus_active_logprob
role_labeled,active,15000,9322,5678,0.6214666666666666,0.37853333333333333,-0.5642272084792455,1.8750742394626034
role_labeled,passive,15000,8447,6553,0.5631333333333334,0.4368666666666667,-0.2975034530719121,1.8765200816002767
