prompt_template,passive_choice_rate_a,passive_choice_rate_b,passive_choice_rate_diff_b_minus_a,mean_logprob_a,mean_logprob_b,mean_logprob_diff_b_minus_a,passive_choice_t_p,passive_choice_mcnemar_p,logprob_t_p,logprob_effect_size_dz,no_demo_passive_choice_rate,no_demo_mean_logprob
demo__involving_event__did_to__said_mary,0.25,0.5,0.25,-1.668186604976654,-0.501302495598793,1.166884109377861,0.3910022189557705,1.0,0.0502924419727926,1.5874281449358534,0.0,-0.7443444132804871
demo__involving_event__did_to__mary_answered,0.25,0.5,0.25,-1.3243756294250488,-0.194972276687622,1.1294033527374268,0.3910022189557705,1.0,0.0229628300884233,2.1562236962287296,0.25,-0.5640287697315216
demo__involving_event__responsible_affected__said_mary,0.25,0.25,0.0,-2.152313396334648,-0.7790694236755371,1.373243972659111,,1.0,0.0145173819777099,2.553856467347186,0.0,-0.7773719131946564
demo__involving_event__responsible_affected__mary_answered,0.25,0.25,0.0,-1.6015594154596329,-0.2534258365631103,1.3481335788965223,,1.0,0.0069120172770698,3.328039890028649,0.25,-0.6239900290966034
demo__there_was_event__responsible_affected__said_mary,0.25,0.25,0.0,-2.336479425430298,-1.4383284151554108,0.8981510102748871,,1.0,0.0082526936869094,3.126504670301419,0.0,-1.2653700411319733
demo__there_was_event__responsible_affected__mary_answered,0.25,0.25,0.0,-1.93179452419281,-1.0479753613471985,0.8838191628456116,,1.0,0.0017580528087296,5.3365911960650765,0.0,-1.2421151995658877
demo__there_was_event__did_to__said_mary,0.25,0.25,0.0,-1.8174365162849424,-1.0408537685871124,0.7765827476978302,,1.0,0.0417070426860262,1.712222943316669,0.0,-1.264849305152893
demo__there_was_event__did_to__mary_answered,0.25,0.25,0.0,-1.7597913146018982,-1.0413861274719238,0.7184051871299744,,1.0,0.0542931584741637,1.5381506745826088,0.0,-1.282219171524048
