contrast,estimate,SE,df,z.ratio,p.value
active - no_prime_empty,13.277055785183745,0.08357629023158226,Inf,158.86151142141193,0
