effect,term,estimate,std.error,statistic,df,p.value,conf.low,conf.high
fixed,comparison_conditionactive,1.0800096851390866,0.011237662177479008,96.1062601884843,2079.000008614651,0,1.057971441771975,1.1020479285061981
