effect,term,estimate,std.error,statistic,p.value,conf.low,conf.high
fixed,comparison_conditionactive,13.499959005306241,6.08496730623094e-4,22185.75437781306,0,13.49876637362951,13.501151636982973
