comparison_condition,emmean,ci_low,ci_high
no_prime_empty,-1.2676283780239175,-1.2915957663031215,-1.2436609897447135
active,-0.313969151237246,-0.33793653951645,-0.29000176295804203
