effect,term,estimate,std.error,statistic,p.value,conf.low,conf.high
fixed,comparison_conditionactive,13.277055785183745,0.08357629023158226,158.86151142141193,0,13.113249266368376,13.440862303999113
