contrast,estimate,SE,df,z.ratio,p.value
active - no_prime_empty,0.9536592267866715,0.010780908105589678,Inf,88.45815375165093,0
