comparison_condition,emmean,ci_low,ci_high
no_prime_eos,1.456824996386702e-10,1.4561363604477297e-10,1.4575139579953502e-10
active,3.359747772014586e-5,3.357498043446276e-5,3.361999007987635e-5
