contrast,estimate,SE,df,z.ratio,p.value
active - filler,0.8210438129578754,0.00990665925951456,Inf,82.8779704085742,0
