comparison_condition,observed_mean,n_items
no_prime_eos,0.03461538461538449,2080
active,0.26634615384615373,2080
