contrast,estimate,SE,df,z.ratio,p.value
active - no_prime_eos,12.34856555846689,2.420525451933217e-4,Inf,51016.05334744313,0
