comparison_condition,emmean,ci_low,ci_high
filler,2.709803870146628e-11,2.706561628245572e-11,2.7130499959912215e-11
active,1.976455210052762e-5,1.9731185456798903e-5,1.979797516817846e-5
