contrast,estimate,SE,df,z.ratio,p.value
active - filler,13.499959005306241,6.08496730623094e-4,Inf,22185.75437781306,0
