comparison_condition,emmean,ci_low,ci_high
filler,-1.135012964195093,-1.1577593423123622,-1.1122665860778238
active,-0.3139691512372176,-0.3367155293544868,-0.2912227731199484
