effect,term,estimate,std.error,statistic,df,p.value,conf.low,conf.high
fixed,comparison_conditionactive,0.9536592267866715,0.010780908105589678,88.45815375165093,2079.0000791935754,0,0.9325167264345161,0.9748017271388268
