effect,term,estimate,std.error,statistic,p.value,conf.low,conf.high
fixed,comparison_conditionactive,12.34856555846689,2.420525451933217e-4,51016.05334744313,0,12.348091144195944,12.349039972737835
