comparison_condition,emmean,ci_low,ci_high
no_prime_eos,-1.3939788363763137,-1.4190154288067627,-1.3689422439458647
active,-0.31396915123722713,-0.3390057436676761,-0.28893255880677815
