contrast,estimate,SE,df,z.ratio,p.value
active - no_prime_eos,1.0800096851390866,0.011237662177479008,Inf,96.1062601884843,0
