comparison_condition,emmean,ci_low,ci_high
no_prime_eos,0.9999519447770215,0.9998735432571042,0.9999817392719169
no_prime_empty,0.9999691816349487,0.9999117128563716,0.9999892426455951
