effect,term,estimate,std.error,statistic,p.value,conf.low,conf.high
fixed,comparison_conditionno_prime_empty,0.44425728568816414,0.35933186533849576,1.2363425806104544,0.21633124973849993,-0.260020228872884,1.1485348002492124
