contrast,estimate,SE,df,z.ratio,p.value
no_prime_empty - no_prime_eos,0.44425728568816414,0.35933186533849576,Inf,1.2363425806104544,0.21633124973849993
