contrast,estimate,SE,df,z.ratio,p.value
no_prime_empty - no_prime_eos,-0.12635045835240905,0.009017728384958217,Inf,-14.011339991473305,1.328739923787406e-44
