effect,term,estimate,std.error,statistic,df,p.value,conf.low,conf.high
fixed,comparison_conditionfiller,-0.13261541382878697,0.009391086366436778,-14.121413503633308,2079.0000073979895,2.632074167439162e-43,-0.15103232684472861,-0.11419850081284534
