comparison_condition,emmean,ci_low,ci_high
no_prime_eos,0.9999042536421769,0.9997686544298785,0.9999603768669241
filler,0.9999577027582448,0.9998815003754606,0.9999849031674799
