effect,term,estimate,std.error,statistic,df,p.value,conf.low,conf.high
fixed,comparison_conditionfiller,-0.25896587218119616,0.010010597313692271,-25.8691728441607,2079.0000054230977,3.679066846298973e-128,-0.27859771164791636,-0.23933403271447595
