effect,term,estimate,std.error,statistic,p.value,conf.low,conf.high
fixed,comparison_conditionfiller,0.5371607080372505,0.3711238506051965,1.4473893476835173,0.14778790751307566,-0.19022867295275803,1.264550089027259
