comparison_condition,emmean,ci_low,ci_high
no_prime_empty,1.2676283780239095,1.2430784728135438,1.2921782832342752
filler,1.1350129641951225,1.1104630589847568,1.1595628694054883
