comparison_condition,emmean,ci_low,ci_high
no_prime_empty,0.9999497164936804,0.9998652624830544,0.9999812353885624
filler,0.9999706134435281,0.9999124826649479,0.9999901329678824
