comparison_condition,emmean,ci_low,ci_high
no_prime_eos,1.3939788363762728,1.36838404936428,1.4195736233882656
filler,1.1350129641950768,1.109418177183084,1.1606077512070696
