effect,term,estimate,std.error,statistic,p.value,conf.low,conf.high
fixed,comparison_conditionfiller,0.8170341645480673,0.3401650981060873,2.4018753514014506,0.0163112654121241,0.15032282346260217,1.4837455056335325
