contrast,estimate,SE,df,z.ratio,p.value
filler - no_prime_eos,-0.25896587218119616,0.010010597313692271,Inf,-25.8691728441607,1.480862556227119e-147
