contrast,estimate,SE,df,z.ratio,p.value
filler - no_prime_empty,0.5371607080372505,0.3711238506051965,Inf,1.4473893476835173,0.14778790751307566
