comparison_condition,emmean,ci_low,ci_high
no_prime_eos,1.3939788363763017,1.3672930516521138,1.4206646211004896
no_prime_empty,1.2676283780238926,1.2409425932997047,1.2943141627480805
