comparison_condition,emmean,ci_low,ci_high
active,0.7336538294395564,0.7142313604338804,0.7522142010033821
passive,0.9999999986902318,7.709209147648867e-4,0.9999999999999998
