contrast,estimate,SE,df,z.ratio,p.value
passive - active,1.328121753734546,0.008831848973556709,Inf,150.37867582553247,0
