effect,term,estimate,std.error,statistic,p.value,conf.low,conf.high
fixed,comparison_conditionpassive,19.44017520899418,14.092341387957244,1.3794851170442821,0.16774523185527465,-8.180306369245208,47.06065678723357
