comparison_condition,emmean,ci_low,ci_high
active,0.3139691512372011,0.2930832819305804,0.33485502054382177
passive,1.6420909049717471,1.6212050356651264,1.6629767742783679
