effect,term,estimate,std.error,statistic,df,p.value,conf.low,conf.high
fixed,comparison_conditionpassive,1.328121753734546,0.008831848973556709,150.37867582553247,2079.0000057267252,0,1.3108015643582323,1.3454419431108597
