contrast,estimate,SE,df,z.ratio,p.value
passive - active,19.44017520899418,14.092341387957244,Inf,1.3794851170442821,0.16774523185527465
