comparison_condition,observed_mean,n_items
active,0.3139691512372177,2080
passive,1.6420909049717642,2080
