comparison_condition,emmean,ci_low,ci_high
no_prime_empty,0.9687499991730352,0.9603367709501133,0.975424311037473
passive,0.9999999998365479,2.1947190272220923e-12,0.9999999999999998
