effect,term,estimate,std.error,statistic,p.value,conf.low,conf.high
fixed,comparison_conditionpassive,19.100513500339922,25.193887125246036,0.7581407904776978,0.44836670260598477,-30.27859789570965,68.4796248963895
