comparison_condition,emmean,ci_low,ci_high
filler,0.9725961534559887,0.964629000518591,0.9788081668813288
passive,0.9999999998370863,2.2204460492503126e-16,0.9999999999999998
