contrast,estimate,SE,df,z.ratio,p.value
passive - no_prime_empty,19.100513500339922,25.193887125246036,Inf,0.7581407904776978,0.44836670260598477
