contrast,estimate,SE,df,z.ratio,p.value
passive - no_prime_eos,0.24811206859548177,0.011709890618003442,Inf,21.18824818175674,1.2257347508819773e-99
