comparison_condition,emmean,ci_low,ci_high
no_prime_empty,1.2676283780238686,1.2447915725774548,1.2904651834702825
passive,1.6420909049717554,1.6192540995253415,1.6649277104181692
