effect,term,estimate,std.error,statistic,df,p.value,conf.low,conf.high
fixed,comparison_conditionpassive,0.5070779407766778,0.010060772705790729,50.401490581813505,2079.0000163579916,0,0.48734770206250166,0.5268081794908539
