contrast,estimate,SE,df,z.ratio,p.value
passive - filler,0.5070779407766778,0.010060772705790729,Inf,50.401490581813505,0
