contrast,estimate,SE,df,z.ratio,p.value
passive - no_prime_empty,0.37446252694788673,0.011254086842164491,Inf,33.27347053560381,9.344649125760373e-243
