comparison_condition,emmean,ci_low,ci_high
filler,1.1350129641950482,1.1134611266660848,1.1565648017240115
passive,1.642090904971726,1.6205390674427627,1.6636427425006894
