comparison_condition,observed_mean,n_items
filler,1.135012964195093,2080
passive,1.6420909049717642,2080
