effect,term,estimate,std.error,statistic,df,p.value,conf.low,conf.high
fixed,comparison_conditionpassive,0.37446252694788673,0.011254086842164491,33.27347053560381,2079.000001723408,5.4994248457226864e-195,0.3523920730771736,0.3965329808185999
