comparison_condition,emmean,ci_low,ci_high
no_prime_eos,0.9653846087301461,0.9565397349027394,0.9724811928737805
passive,0.9999999998360938,2.2204460492503126e-16,0.9999999999999998
