effect,term,estimate,std.error,statistic,df,p.value,conf.low,conf.high
fixed,comparison_conditionpassive,0.24811206859548177,0.011709890618003442,21.18824818175674,2079.000002774869,2.242065491483156e-90,0.22514773534123797,0.2710764018497256
