effect,term,estimate,std.error,statistic,p.value,conf.low,conf.high
fixed,comparison_conditionpassive,18.968514805059925,154.375034557067,0.12287294289186335,0.9022077116855534,-283.60099303891764,321.53802264903743
