contrast,estimate,SE,df,z.ratio,p.value
passive - filler,18.968514805059925,154.375034557067,Inf,0.12287294289186335,0.9022077116855534
