comparison_condition,emmean,ci_low,ci_high
no_prime_eos,1.3939788363762553,1.3700223140738956,1.417935358678615
passive,1.6420909049717372,1.6181343826693775,1.6660474272740968
