effect,term,estimate,std.error,statistic,p.value,conf.low,conf.high
fixed,comparison_conditionpassive,19.203498442719535,29.173923304991728,0.6582418909503944,0.5103827106986829,-37.97634052279798,76.38333740823705
