contrast,estimate,SE,df,z.ratio,p.value
passive - no_prime_eos,19.203498442719535,29.173923304991728,Inf,0.6582418909503944,0.5103827106986829
