prompt_template,condition_a,condition_b,passive_choice_rate_a,passive_choice_rate_b,passive_choice_rate_diff_b_minus_a,active_choice_rate_a,active_choice_rate_b,active_choice_rate_diff_b_minus_a,mean_logprob_a,mean_logprob_b,mean_logprob_diff_b_minus_a,mean_logprob_sum_a,mean_logprob_sum_b,mean_logprob_sum_diff_b_minus_a
processing_teacher_forced,active,filler,0.97509765625,0.94091796875,-0.0341796875,0.02490234375,0.05908203125,0.0341796875,1.0219482382138572,0.7236578539013863,-0.2982903843124709,-6.312009334564209,-7.35636967420578,-1.044360339641571
processing_teacher_forced,active,no_prime,0.97509765625,1.0,0.02490234375,0.02490234375,0.0,-0.02490234375,1.0219482382138572,1.8416834831237794,0.8197352449099222,-6.312009334564209,-5.471324443817139,0.8406848907470703
processing_teacher_forced,active,passive,0.97509765625,1.0,0.02490234375,0.02490234375,0.0,-0.02490234375,1.0219482382138572,1.6781761894623437,0.6562279512484865,-6.312009334564209,-0.1883608102798462,6.123648524284363
processing_teacher_forced,no_prime,filler,1.0,0.94091796875,-0.05908203125,0.0,0.05908203125,0.05908203125,1.8416834831237794,0.7236578539013863,-1.1180256292223931,-5.471324443817139,-7.35636967420578,-1.8850452303886414
processing_teacher_forced,passive,filler,1.0,0.94091796875,-0.05908203125,0.0,0.05908203125,0.05908203125,1.6781761894623437,0.7236578539013863,-0.9545183355609574,-0.1883608102798462,-7.35636967420578,-7.168008863925934
processing_teacher_forced,passive,no_prime,1.0,1.0,0.0,0.0,0.0,0.0,1.6781761894623437,1.8416834831237794,0.16350729366143568,-0.1883608102798462,-5.471324443817139,-5.2829636335372925
