prime_condition,n_items,mean_delta_mean,mean_delta_sum,passive_choice_rate
active,2048,1.021948238213857,-6.312009334564209,0.97509765625
filler,2048,0.7236578539013863,-7.35636967420578,0.94091796875
no_prime,2048,1.8416834831237794,-5.471324443817139,1.0
passive,2048,1.678176189462344,-0.1883608102798462,1.0
