prompt_template,condition_a,condition_b,passive_choice_rate_a,passive_choice_rate_b,passive_choice_rate_diff_b_minus_a,active_choice_rate_a,active_choice_rate_b,active_choice_rate_diff_b_minus_a,mean_logprob_a,mean_logprob_b,mean_logprob_diff_b_minus_a
demo__involving_event__did_to__mary_answered,active,filler,0.009134615384615385,0.10144230769230769,0.09230769230769231,0.9908653846153846,0.8985576923076923,-0.09230769230769231,-3.4790800112944384,-1.201776827298678,2.2773031839957607
demo__involving_event__did_to__mary_answered,active,no_demo,0.009134615384615385,0.13125,0.12211538461538463,0.9908653846153846,0.86875,-0.12211538461538463,-3.4790800112944384,-1.1923480107234075,2.286732000571031
demo__involving_event__did_to__mary_answered,active,passive,0.009134615384615385,0.8903846153846153,0.88125,0.9908653846153846,0.10961538461538461,-0.8812500000000001,-3.4790800112944384,1.8727766926472003,5.351856703941639
demo__involving_event__did_to__mary_answered,no_demo,filler,0.13125,0.10144230769230769,-0.029807692307692313,0.86875,0.8985576923076923,0.029807692307692313,-1.1923480107234075,-1.201776827298678,-0.009428816575270504
demo__involving_event__did_to__mary_answered,passive,filler,0.8903846153846153,0.10144230769230769,-0.7889423076923077,0.10961538461538461,0.8985576923076923,0.7889423076923077,1.8727766926472003,-1.201776827298678,-3.074553519945878
demo__involving_event__did_to__mary_answered,passive,no_demo,0.8903846153846153,0.13125,-0.7591346153846154,0.10961538461538461,0.86875,0.7591346153846155,1.8727766926472003,-1.1923480107234075,-3.065124703370608
