prompt_column,prime_condition,n_items,active_rate,passive_rate,other_rate,congruent_rate,manually_reviewed_rate
prompt_active,active,2080,0.9158653846153846,0.007211538461538462,0.07692307692307693,0.9158653846153846,0.07692307692307693
prompt_filler,filler,2080,0.4221153846153846,0.18221153846153845,0.3956730769230769,0.0,0.3956730769230769
prompt_no_demo,no_demo,2080,0.39326923076923076,0.1264423076923077,0.48028846153846155,0.0,0.48028846153846155
prompt_passive,passive,2080,0.09471153846153846,0.8528846153846154,0.052403846153846155,0.8528846153846154,0.052403846153846155
