prompt_column,prime_condition,n_items,active_like_rate,passive_like_rate,exact_rate,prefix_rate,structural_rate,congruent_rate
prompt_active,active,2080,0.8514423076923077,0.007211538461538462,0.0,0.0,0.8586538461538461,0.8514423076923077
prompt_filler,filler,2080,0.25961538461538464,0.026442307692307692,0.0,0.0,0.2860576923076923,0.0
prompt_no_demo,no_demo,2080,0.3384615384615385,0.026923076923076925,0.0,0.0,0.36538461538461536,0.0
prompt_passive,passive,2080,0.08413461538461539,0.7567307692307692,0.0,0.0,0.8408653846153846,0.7567307692307692
