prompt_column,prime_condition,n_items,active_rate,passive_rate,other_rate,congruent_rate,manually_reviewed_rate
prompt_active,active,2080,0.9826923076923076,0.007692307692307693,0.009615384615384616,0.9826923076923076,0.07692307692307693
prompt_filler,filler,2080,0.5721153846153846,0.27884615384615385,0.14903846153846154,0.0,0.3956730769230769
prompt_no_demo,no_demo,2080,0.5870192307692308,0.16201923076923078,0.25096153846153846,0.0,0.48028846153846155
prompt_passive,passive,2080,0.1076923076923077,0.854326923076923,0.03798076923076923,0.854326923076923,0.052403846153846155
