prompt_template,condition_a,condition_b,passive_choice_rate_a,passive_choice_rate_b,passive_choice_rate_diff_b_minus_a,active_choice_rate_a,active_choice_rate_b,active_choice_rate_diff_b_minus_a,mean_logprob_a,mean_logprob_b,mean_logprob_diff_b_minus_a
demo__involving_event__did_to__mary_answered,active,filler,0.19326923076923078,0.4913461538461538,0.298076923076923,0.8067307692307693,0.5086538461538461,-0.29807692307692313,-1.1605793879582331,0.06217510516826923,1.2227544931265024
demo__involving_event__did_to__mary_answered,active,no_prime,0.19326923076923078,0.43028846153846156,0.2370192307692308,0.8067307692307693,0.5697115384615384,-0.23701923076923082,-1.1605793879582331,-0.218356440617488,0.9422229473407451
demo__involving_event__did_to__mary_answered,active,passive,0.19326923076923078,0.36923076923076925,0.17596153846153847,0.8067307692307693,0.6307692307692307,-0.1759615384615385,-1.1605793879582331,-0.38105550912710334,0.7795238788311298
demo__involving_event__did_to__mary_answered,no_prime,filler,0.43028846153846156,0.4913461538461538,0.06105769230769226,0.5697115384615384,0.5086538461538461,-0.06105769230769231,-0.218356440617488,0.06217510516826923,0.28053154578575723
demo__involving_event__did_to__mary_answered,passive,filler,0.36923076923076925,0.4913461538461538,0.12211538461538457,0.6307692307692307,0.5086538461538461,-0.12211538461538463,-0.38105550912710334,0.06217510516826923,0.4432306142953726
demo__involving_event__did_to__mary_answered,passive,no_prime,0.36923076923076925,0.43028846153846156,0.06105769230769231,0.6307692307692307,0.5697115384615384,-0.06105769230769231,-0.38105550912710334,-0.218356440617488,0.16269906850961535
