prompt_template,condition_a,condition_b,passive_choice_rate_a,passive_choice_rate_b,passive_choice_rate_diff_b_minus_a,active_choice_rate_a,active_choice_rate_b,active_choice_rate_diff_b_minus_a,mean_logprob_a,mean_logprob_b,mean_logprob_diff_b_minus_a,mean_logprob_sum_a,mean_logprob_sum_b,mean_logprob_sum_diff_b_minus_a
processing_teacher_forced,active,filler,0.99267578125,0.99609375,0.00341796875,0.00732421875,0.00390625,-0.00341796875,1.2571356232618056,1.304043995589018,0.046908372327212344,-2.9372135046869516,-2.813272288069129,0.12394121661782265
processing_teacher_forced,active,no_prime,0.99267578125,0.99267578125,0.0,0.00732421875,0.00732421875,0.0,1.2571356232618056,1.8245964936852928,0.5674608704234871,-2.9372135046869516,-2.2693365961313248,0.6678769085556269
processing_teacher_forced,active,passive,0.99267578125,0.9990234375,0.00634765625,0.00732421875,0.0009765625,-0.00634765625,1.2571356232618056,1.5123416007570332,0.25520597749522755,-2.9372135046869516,-0.9727425258606672,1.9644709788262844
processing_teacher_forced,no_prime,filler,0.99267578125,0.99609375,0.00341796875,0.00732421875,0.00390625,-0.00341796875,1.8245964936852928,1.304043995589018,-0.5205524980962748,-2.2693365961313248,-2.813272288069129,-0.5439356919378042
processing_teacher_forced,passive,filler,0.9990234375,0.99609375,-0.0029296875,0.0009765625,0.00390625,0.0029296875,1.5123416007570332,1.304043995589018,-0.2082976051680152,-0.9727425258606672,-2.813272288069129,-1.8405297622084618
processing_teacher_forced,passive,no_prime,0.9990234375,0.99267578125,-0.00634765625,0.0009765625,0.00732421875,0.00634765625,1.5123416007570332,1.8245964936852928,0.3122548929282596,-0.9727425258606672,-2.2693365961313248,-1.2965940702706575
