prime_condition,n_items,mean_delta_mean,mean_delta_sum,passive_choice_rate
active,2048,1.2571356232618056,-2.9372135046869516,0.99267578125
filler,2048,1.304043995589018,-2.813272288069129,0.99609375
no_prime,2048,1.8245964936852928,-2.2693365961313248,0.99267578125
passive,2048,1.5123416007570332,-0.9727425258606672,0.9990234375
