prompt_template,prime_condition,n_items,n_active_choice,n_passive_choice,active_choice_rate,passive_choice_rate,mean_passive_minus_active_logprob,sd_passive_minus_active_logprob,mean_passive_minus_active_logprob_sum,sd_passive_minus_active_logprob_sum
processing_teacher_forced,active,2048,15,2033,0.00732421875,0.99267578125,1.2571356232618056,0.4501636695686227,-2.9372135046869516,2.194271259269354
processing_teacher_forced,filler,2048,8,2040,0.00390625,0.99609375,1.304043995589018,0.4907228296820468,-2.813272288069129,2.438000018121553
processing_teacher_forced,no_prime,2048,15,2033,0.00732421875,0.99267578125,1.8245964936852928,0.6624747773923096,-2.2693365961313248,2.95381067102936
processing_teacher_forced,passive,2048,2,2046,0.0009765625,0.9990234375,1.5123416007570332,0.44939815604763095,-0.9727425258606672,2.2290329539895626
