prompt_template,condition_a,condition_b,passive_choice_rate_a,passive_choice_rate_b,passive_choice_rate_diff_b_minus_a,active_choice_rate_a,active_choice_rate_b,active_choice_rate_diff_b_minus_a,mean_logprob_a,mean_logprob_b,mean_logprob_diff_b_minus_a
demo__involving_event__did_to__mary_answered,active,filler,0.12115384615384615,0.26778846153846153,0.14663461538461536,0.8788461538461538,0.7322115384615384,-0.14663461538461542,-1.40768802349384,-0.773363524216872,0.634324499276968
demo__involving_event__did_to__mary_answered,active,no_demo,0.12115384615384615,0.13125,0.010096153846153852,0.8788461538461538,0.86875,-0.01009615384615381,-1.40768802349384,-1.1923480107234075,0.21534001277043258
demo__involving_event__did_to__mary_answered,active,passive,0.12115384615384615,0.6692307692307692,0.548076923076923,0.8788461538461538,0.33076923076923076,-0.5480769230769231,-1.40768802349384,0.473317630474384,1.881005653968224
demo__involving_event__did_to__mary_answered,no_demo,filler,0.13125,0.26778846153846153,0.13653846153846153,0.86875,0.7322115384615384,-0.1365384615384616,-1.1923480107234075,-0.773363524216872,0.4189844865065354
demo__involving_event__did_to__mary_answered,passive,filler,0.6692307692307692,0.26778846153846153,-0.40144230769230765,0.33076923076923076,0.7322115384615384,0.40144230769230765,0.473317630474384,-0.773363524216872,-1.246681154691256
demo__involving_event__did_to__mary_answered,passive,no_demo,0.6692307692307692,0.13125,-0.5379807692307692,0.33076923076923076,0.86875,0.5379807692307692,0.473317630474384,-1.1923480107234075,-1.6656656411977915
