prompt_template,condition_a,condition_b,passive_choice_rate_a,passive_choice_rate_b,passive_choice_rate_diff_b_minus_a,active_choice_rate_a,active_choice_rate_b,active_choice_rate_diff_b_minus_a,mean_logprob_a,mean_logprob_b,mean_logprob_diff_b_minus_a,mean_logprob_sum_a,mean_logprob_sum_b,mean_logprob_sum_diff_b_minus_a
processing_teacher_forced,active,filler,0.98046875,0.98974609375,0.00927734375,0.01953125,0.01025390625,-0.00927734375,1.0345112220753752,1.118552495781628,0.0840412737062528,-3.490170795470476,-3.255509428679943,0.23466136679053307
processing_teacher_forced,active,no_prime,0.98046875,0.99365234375,0.01318359375,0.01953125,0.00634765625,-0.01318359375,1.0345112220753752,1.826031315787917,0.791520093712542,-3.490170795470476,-2.798372007906437,0.6917987875640392
processing_teacher_forced,active,passive,0.98046875,0.99853515625,0.01806640625,0.01953125,0.00146484375,-0.01806640625,1.0345112220753752,1.3024423135237562,0.267931091448381,-3.490170795470476,-1.4713215008378029,2.0188492946326733
processing_teacher_forced,no_prime,filler,0.99365234375,0.98974609375,-0.00390625,0.00634765625,0.01025390625,0.00390625,1.826031315787917,1.118552495781628,-0.7074788200062891,-2.798372007906437,-3.255509428679943,-0.45713742077350616
processing_teacher_forced,passive,filler,0.99853515625,0.98974609375,-0.0087890625,0.00146484375,0.01025390625,0.0087890625,1.3024423135237562,1.118552495781628,-0.1838898177421282,-1.4713215008378029,-3.255509428679943,-1.7841879278421402
processing_teacher_forced,passive,no_prime,0.99853515625,0.99365234375,-0.0048828125,0.00146484375,0.00634765625,0.0048828125,1.3024423135237562,1.826031315787917,0.5235890022641609,-1.4713215008378029,-2.798372007906437,-1.327050507068634
