prime_condition,n_items,mean_delta_mean,mean_delta_sum,passive_choice_rate
active,2048,1.0345112220753754,-3.490170795470476,0.98046875
filler,2048,1.118552495781628,-3.255509428679943,0.98974609375
no_prime,2048,1.826031315787917,-2.798372007906437,0.99365234375
passive,2048,1.3024423135237562,-1.4713215008378029,0.99853515625
