prompt_template,prime_condition,n_items,n_active_choice,n_passive_choice,active_choice_rate,passive_choice_rate,mean_passive_minus_active_logprob,sd_passive_minus_active_logprob,mean_passive_minus_active_logprob_sum,sd_passive_minus_active_logprob_sum
processing_teacher_forced,active,2048,40,2008,0.01953125,0.98046875,1.0345112220753752,0.4242299171935804,-3.490170795470476,2.3453176520515036
processing_teacher_forced,filler,2048,21,2027,0.01025390625,0.98974609375,1.118552495781628,0.463058222937746,-3.255509428679943,2.4681690853921063
processing_teacher_forced,no_prime,2048,13,2035,0.00634765625,0.99365234375,1.826031315787917,0.6691414886626406,-2.798372007906437,2.9915609108097567
processing_teacher_forced,passive,2048,3,2045,0.00146484375,0.99853515625,1.3024423135237562,0.429297593134668,-1.4713215008378029,2.4569804894750047
