prime_structure,n_generations,n_active,n_passive,n_other,valid_rate,active_rate_all,passive_rate_all,active_rate_valid,passive_rate_valid
active,90,13,6,71,0.2111111111111111,0.14444444444444443,0.06666666666666667,0.6842105263157895,0.3157894736842105
passive,90,7,4,79,0.12222222222222222,0.07777777777777778,0.044444444444444446,0.6363636363636364,0.36363636363636365
