{
  "passive_rate_shift_all": -0.02222222222222222,
  "active_rate_shift_all": 0.06666666666666665,
  "passive_rate_shift_valid": 0.04784688995215314
}