prompt_template,condition_a,condition_b,passive_choice_rate_a,passive_choice_rate_b,passive_choice_rate_diff_b_minus_a,active_choice_rate_a,active_choice_rate_b,active_choice_rate_diff_b_minus_a,mean_logprob_a,mean_logprob_b,mean_logprob_diff_b_minus_a
processing_teacher_forced,active,filler,0.8346153846153846,0.99375,0.15913461538461537,0.16538461538461538,0.00625,-0.15913461538461537,0.46928284786305,1.541860811250405,1.0725779633873551
processing_teacher_forced,active,no_prime,0.8346153846153846,0.9855769230769231,0.15096153846153848,0.16538461538461538,0.014423076923076924,-0.15096153846153845,0.46928284786305,1.5306223431313286,1.0613394952682786
processing_teacher_forced,active,passive,0.8346153846153846,1.0,0.16538461538461535,0.16538461538461538,0.0,-0.16538461538461538,0.46928284786305,1.9548392812683906,1.4855564334053406
processing_teacher_forced,no_prime,filler,0.9855769230769231,0.99375,0.008173076923076894,0.014423076923076924,0.00625,-0.008173076923076924,1.5306223431313286,1.541860811250405,0.011238468119076472
processing_teacher_forced,passive,filler,1.0,0.99375,-0.006249999999999978,0.0,0.00625,0.00625,1.9548392812683906,1.541860811250405,-0.4129784700179855
processing_teacher_forced,passive,no_prime,1.0,0.9855769230769231,-0.014423076923076872,0.0,0.014423076923076924,0.014423076923076924,1.9548392812683906,1.5306223431313286,-0.42421693813706196
