prompt_template,prime_condition,n_items,n_active_choice,n_passive_choice,active_choice_rate,passive_choice_rate,mean_passive_minus_active_logprob,sd_passive_minus_active_logprob
processing_teacher_forced,active,2080,95,1985,0.04567307692307692,0.9543269230769231,0.3520878006878163,0.2110216655869534
processing_teacher_forced,filler,2080,62,2018,0.02980769230769231,0.9701923076923077,0.43136800808853687,0.21959796241969098
processing_teacher_forced,no_prime_empty,2080,108,1972,0.051923076923076926,0.948076923076923,0.5099953991082745,0.31376747579901304
processing_teacher_forced,no_prime_eos,2080,113,1967,0.05432692307692308,0.9456730769230769,0.5396184633967926,0.31995067579716163
processing_teacher_forced,passive,2080,1,2079,0.0004807692307692308,0.9995192307692308,0.6308704389884459,0.18979403328015504
