effect,term,estimate,std.error,statistic,df,p.value,conf.low,conf.high
fixed,comparison_conditionactive,0.18753066270897814,0.006350679315476065,29.529228826274046,2079.0000073359306,2.4418200287769702e-160,0.175076309295376,0.1999850161225803
