comparison_condition,emmean,ci_low,ci_high
no_prime_empty,3.0178205843704926e-4,1.4983655381588013e-4,6.07718048240775e-4
active,2.0857324025461266e-4,9.820564325786588e-5,4.4292160151436006e-4
