contrast,estimate,SE,df,z.ratio,p.value
active - no_prime_eos,0.18753066270897814,0.006350679315476065,Inf,29.529228826274046,1.2138046187912765e-191
