effect,term,estimate,std.error,statistic,df,p.value,conf.low,conf.high
fixed,comparison_conditionactive,0.15790759842045848,0.006658764837214018,23.71424765415292,2078.9999999294987,3.141268473067558e-110,0.1448490567336176,0.17096614010729938
