comparison_condition,observed_mean,n_items
filler,0.029807692307692354,2080
active,0.04567307692307695,2080
