contrast,estimate,SE,df,z.ratio,p.value
active - filler,0.07928020740072088,0.00418361897882912,Inf,18.950150049971622,4.403260229173386e-80
