comparison_condition,emmean,ci_low,ci_high
no_prime_eos,-0.5396184633967915,-0.5512653600651101,-0.527971566728473
active,-0.3520878006878134,-0.36373469735613195,-0.3404409040194949
