contrast,estimate,SE,df,z.ratio,p.value
active - no_prime_empty,0.15790759842045848,0.006658764837214018,Inf,23.71424765415292,2.5706091051354913e-124
