effect,term,estimate,std.error,statistic,df,p.value,conf.low,conf.high
fixed,comparison_conditionactive,0.07928020740072088,0.00418361897882912,18.950150049971622,2079.0000049012315,5.3192564688294225e-74,0.07107568836867764,0.08748472643276411
