effect,term,estimate,std.error,statistic,p.value,conf.low,conf.high
fixed,comparison_conditionactive,-0.5179886559930298,0.24338592666569067,-2.1282605082771573,0.033315490473907604,-0.9950163066016902,-0.04096100538436942
