comparison_condition,emmean,ci_low,ci_high
no_prime_empty,-0.5099953991082784,-0.5214859098647594,-0.4985048883517974
active,-0.3520878006878199,-0.3635783114443009,-0.3405972899313389
