comparison_condition,emmean,ci_low,ci_high
filler,-0.4313680080885345,-0.4406227937498134,-0.4221132224272556
active,-0.3520878006878136,-0.3613425863490925,-0.3428330150265347
