comparison_condition,emmean,ci_low,ci_high
filler,2.677377422890307e-5,9.12583909221593e-6,7.854735498295201e-5
active,1.3268396525994327e-4,5.9334859176706544e-5,2.966795341497918e-4
