contrast,estimate,SE,df,z.ratio,p.value
active - no_prime_empty,-0.36950807689542303,0.24013913311610824,Inf,-1.5387249554064326,0.12387145726563209
