comparison_condition,emmean,ci_low,ci_high
no_prime_empty,0.5099953991082758,0.4983574367070658,0.5216333615094859
filler,0.4313680080885344,0.41973004568732436,0.4430059704897445
