effect,term,estimate,std.error,statistic,df,p.value,conf.low,conf.high
fixed,comparison_conditionfiller,-0.10825045530826043,0.005589831389168396,-19.36560296219685,2079.000034062933,6.0251600580519916e-77,-0.11921270551556912,-0.09728820510095174
