comparison_condition,emmean,ci_low,ci_high
no_prime_eos,0.5396184633968089,0.5278260703329181,0.5514108564606996
filler,0.4313680080885484,0.41957561502465757,0.44316040115243927
