contrast,estimate,SE,df,z.ratio,p.value
no_prime_empty - no_prime_eos,-0.029623064288521923,0.005892524790419472,Inf,-5.027227774533154,4.976211629212419e-7
