comparison_condition,emmean,ci_low,ci_high
no_prime_empty,0.9998333035339009,0.9996409762331581,0.9999226100032695
filler,0.9999792035402394,0.9999370659216353,0.9999931280389364
