contrast,estimate,SE,df,z.ratio,p.value
filler - no_prime_eos,2.6955125653631957,0.4149964626449074,Inf,6.495266364883733,8.288662668167541e-11
