contrast,estimate,SE,df,z.ratio,p.value
filler - no_prime_empty,-0.07862739101974141,0.006201615281286514,Inf,-12.678534132389828,7.777272991171012e-37
