effect,term,estimate,std.error,statistic,df,p.value,conf.low,conf.high
fixed,comparison_conditionfiller,-0.07862739101974141,0.006201615281286514,-12.678534132389828,2079.000023797084,1.5509886277670757e-35,-0.09078941410595857,-0.06646536793352424
