comparison_condition,emmean,ci_low,ci_high
no_prime_eos,0.5396184633968049,0.5260007794579455,0.5532361473356642
no_prime_empty,0.509995399108283,0.49637771516942364,0.5236130830471423
