contrast,estimate,SE,df,z.ratio,p.value
no_prime_empty - no_prime_eos,0.16326493791610294,0.25589892755905846,Inf,0.6380055574028278,0.5234700624711106
