contrast,estimate,SE,df,z.ratio,p.value
filler - no_prime_eos,-0.10825045530826043,0.005589831389168396,Inf,-19.36560296219685,1.5058159941306912e-83
