comparison_condition,emmean,ci_low,ci_high
no_prime_eos,0.9998492122998104,0.9996838825421962,0.9999280806437385
no_prime_empty,0.9998719231256382,0.9997249401161598,0.9999403679050876
