effect,term,estimate,std.error,statistic,df,p.value,conf.low,conf.high
fixed,comparison_conditionno_prime_empty,-0.029623064288521923,0.005892524790419472,-5.027227774533154,2079.0000388908516,5.40221679139412e-7,-0.04117892825079252,-0.018067200326251323
