contrast,estimate,SE,df,z.ratio,p.value
passive - active,22.34234016070299,3.943217921567794e-4,Inf,56660.17096975417,0
