effect,term,estimate,std.error,statistic,df,p.value,conf.low,conf.high
fixed,comparison_conditionpassive,0.2787826383006328,0.003125669516346362,89.19133543795304,2079.0000025976306,0,0.2726528699912982,0.2849124066099675
