comparison_condition,emmean,ci_low,ci_high
active,0.352087800687825,0.3434631925886092,0.36071240878704086
passive,0.6308704389884578,0.622245830889242,0.6394950470876737
