contrast,estimate,SE,df,z.ratio,p.value
passive - active,0.2787826383006328,0.003125669516346362,Inf,89.19133543795304,0
