comparison_condition,observed_mean,n_items
active,0.9543269230769229,2080
passive,0.9995192307692308,2080
