comparison_condition,emmean,ci_low,ci_high
active,0.9999990218782714,0.9999990211222692,0.9999990226336897
passive,0.9999999999999998,0.9999999999999998,0.9999999999999998
