comparison_condition,observed_mean,n_items
active,0.3520878006878163,2080
passive,0.6308704389884456,2080
