contrast,estimate,SE,df,z.ratio,p.value
passive - no_prime_empty,18.640445548153295,6.287329829519878,Inf,2.9647634295617578,0.003029157722470104
