comparison_condition,emmean,ci_low,ci_high
filler,0.9999962475754425,0.9999962406618428,0.9999962544763277
passive,0.9999999999999998,0.9999999999999998,0.9999999999999998
