contrast,estimate,SE,df,z.ratio,p.value
passive - no_prime_eos,24.640020257992283,0.003180736708061987,Inf,7746.639385630057,0
