comparison_condition,observed_mean,n_items
filler,0.431368008088537,2080
passive,0.6308704389884456,2080
