contrast,estimate,SE,df,z.ratio,p.value
passive - filler,52.071941457275585,9.392154696231691e-4,Inf,55441.95463280415,0
