contrast,estimate,SE,df,z.ratio,p.value
passive - filler,0.1995024308999128,0.004136266760936547,Inf,48.232486546573895,0
