effect,term,estimate,std.error,statistic,p.value,conf.low,conf.high
fixed,comparison_conditionpassive,24.640020257992283,0.003180736708061987,7746.639385630057,0,24.63378612860018,24.64625438738439
