comparison_condition,emmean,ci_low,ci_high
no_prime_eos,0.5396184633967925,0.5283138917697415,0.5509230350238435
passive,0.6308704389884503,0.6195658673613993,0.6421750106155013
