comparison_condition,emmean,ci_low,ci_high
filler,0.4313680080885457,0.42254790628858796,0.44018810988850343
passive,0.6308704389884585,0.6220503371885008,0.6396905407884163
