effect,term,estimate,std.error,statistic,p.value,conf.low,conf.high
fixed,comparison_conditionpassive,52.071941457275585,9.392154696231691e-4,55441.95463280415,0,52.070100628781404,52.07378228576977
