contrast,estimate,SE,df,z.ratio,p.value
passive - no_prime_empty,0.12087503988017415,0.00671856052028572,Inf,17.991210991582122,2.28313518685406e-72
