contrast,estimate,SE,df,z.ratio,p.value
passive - no_prime_eos,0.09125197559165782,0.006441843150457619,Inf,14.165507209714571,1.4978155361421388e-45
