comparison_condition,emmean,ci_low,ci_high
no_prime_empty,0.5099953991082709,0.49885201652881384,0.5211387816877279
passive,0.630870438988445,0.619727056408988,0.642013821567902
