effect,term,estimate,std.error,statistic,df,p.value,conf.low,conf.high
fixed,comparison_conditionpassive,0.09125197559165782,0.006441843150457619,14.165507209714571,2079.0000018081473,1.485957820269286e-43,0.07861884026148858,0.10388511092182706
