effect,term,estimate,std.error,statistic,df,p.value,conf.low,conf.high
fixed,comparison_conditionpassive,0.1995024308999128,0.004136266760936547,48.232486546573895,2079.000012301207,0,0.1913907745723714,0.20761408722745417
