effect,term,estimate,std.error,statistic,df,p.value,conf.low,conf.high
fixed,comparison_conditionpassive,0.12087503988017415,0.00671856052028572,17.991210991582122,2078.9999997212085,2.2518895939956927e-67,0.10769923253833877,0.13405084722200952
