prompt_template,condition_a,condition_b,passive_choice_rate_a,passive_choice_rate_b,passive_choice_rate_diff_b_minus_a,active_choice_rate_a,active_choice_rate_b,active_choice_rate_diff_b_minus_a,mean_logprob_a,mean_logprob_b,mean_logprob_diff_b_minus_a
role_labeled,active,filler,0.022596153846153846,0.2230769230769231,0.20048076923076924,0.9774038461538461,0.7769230769230769,-0.20048076923076918,-6.328070076383077,-2.7577885701106144,3.5702815062724627
role_labeled,active,no_prime_eos,0.022596153846153846,0.2831730769230769,0.2605769230769231,0.9774038461538461,0.7168269230769231,-0.26057692307692304,-6.328070076383077,-2.072351805980389,4.255718270402689
role_labeled,active,passive,0.022596153846153846,0.8447115384615385,0.8221153846153846,0.9774038461538461,0.15528846153846154,-0.8221153846153846,-6.328070076383077,2.9528990186177766,9.280969095000854
role_labeled,no_prime_eos,filler,0.2831730769230769,0.2230769230769231,-0.06009615384615383,0.7168269230769231,0.7769230769230769,0.060096153846153855,-2.072351805980389,-2.7577885701106144,-0.6854367641302255
role_labeled,passive,filler,0.8447115384615385,0.2230769230769231,-0.6216346153846154,0.15528846153846154,0.7769230769230769,0.6216346153846154,2.9528990186177766,-2.7577885701106144,-5.7106875887283906
role_labeled,passive,no_prime_eos,0.8447115384615385,0.2831730769230769,-0.5615384615384615,0.15528846153846154,0.7168269230769231,0.5615384615384615,2.9528990186177766,-2.072351805980389,-5.0252508245981655
