condition,n_items,pe_active_target_logprob_same_minus_other,pe_active_target_logprob_ci95_low,pe_active_target_logprob_ci95_high,pe_active_target_logprob_p,pe_passive_target_logprob_same_minus_other,pe_passive_target_logprob_ci95_low,pe_passive_target_logprob_ci95_high,pe_passive_target_logprob_p,pe_logprob_imbalance_passive_minus_active,pe_logprob_imbalance_ci95_low,pe_logprob_imbalance_ci95_high,pe_logprob_imbalance_p,pe_active_target_logprob_sum_same_minus_other,pe_active_target_logprob_sum_ci95_low,pe_active_target_logprob_sum_ci95_high,pe_active_target_logprob_sum_p,pe_passive_target_logprob_sum_same_minus_other,pe_passive_target_logprob_sum_ci95_low,pe_passive_target_logprob_sum_ci95_high,pe_passive_target_logprob_sum_p,pe_logprob_sum_imbalance_passive_minus_active,pe_logprob_sum_imbalance_ci95_low,pe_logprob_sum_imbalance_ci95_high,pe_logprob_sum_imbalance_p
processing_1b_core_core_lexically_controlled,2048,0.071745100032006,0.0614173034028638,0.08253239041770852,6.42415058525834e-39,0.19618599141637486,0.18723159602222342,0.20512570636243455,1.2539215230602408e-294,0.12444089138436883,0.10807129480595153,0.1413377567169271,7.842413497706764e-46,0.4389707036316395,0.37251137513667343,0.5043920874595642,6.130069596864145e-38,1.5798785910010338,1.512223489396274,1.6507204852532595,1.3114463564244168e-294,1.1409078873693943,1.0216137757524848,1.263123152265325,2.6969005530618966e-74
processing_1b_jabberwocky_jabberwocky,2048,-0.03497449729003234,-0.042427795579114996,-0.027695363681344145,7.43168400550077e-20,0.46320418254576434,0.4554961109947891,0.47101499393425356,0.0,0.4981786798357967,0.4855188710749139,0.5104623110009263,0.0,-0.540627658367157,-0.6549622744321824,-0.42787486761808396,1.3929866374741342e-19,8.161076784133911,8.021739733219146,8.293544566631317,0.0,8.701704442501068,8.484773452579976,8.919063387811184,0.0
