prompt_column,prime_condition,n_items,active_like_rate,passive_like_rate,exact_rate,prefix_rate,structural_rate,congruent_rate
prompt_active,active,2048,0.833984375,0.0,0.36572265625,0.0,0.46826171875,0.833984375
prompt_filler,filler,2048,0.2265625,0.02734375,0.1171875,0.0,0.13671875,0.0
prompt_no_prime,no_prime,2048,0.34765625,0.0166015625,0.13037109375,0.0,0.23388671875,0.0
prompt_passive,passive,2048,0.21142578125,0.63232421875,0.34716796875,0.0,0.49658203125,0.63232421875
