prompt_template,metric,n_items,mean_diff,sd_diff,effect_size_dz,t_stat,t_p_two_sided,perm_p_two_sided,bootstrap_ci95_low,bootstrap_ci95_high,mcnemar_b,mcnemar_c,mcnemar_p_exact
role_labeled,logprob_delta,200,0.2777181714773178,0.5859568085738076,0.4739567275500583,6.702760320792624,2.0595423256049514e-10,0.0,0.19519382704794405,0.3587504575848579,,,
role_labeled,passive_choice_delta,200,0.06,0.2770991151158552,0.21652902058136844,3.062182775535343,0.002501030926758089,0.0046,0.025,0.1,14.0,2.0,0.004180908203125
word_list,logprob_delta,200,0.2525520068407059,0.5351539396582669,0.47192403554382495,6.674013714759199,2.41766088668163e-10,0.0,0.17832270120084284,0.326014085739851,,,
word_list,passive_choice_delta,200,0.035,0.2531708462420874,0.138246565588094,1.955101680061842,0.05197139874474365,0.0971,0.0,0.07,10.0,3.0,0.09228515625
