prompt_template,prime_structure,n_items,n_active_choice,n_passive_choice,active_choice_rate,passive_choice_rate,mean_passive_minus_active_logprob,sd_passive_minus_active_logprob
role_labeled,active,200,125,75,0.625,0.375,-0.35919766664505004,1.8739797697172118
role_labeled,passive,200,113,87,0.565,0.435,-0.08147949516773224,1.9115886095583194
word_list,active,200,181,19,0.905,0.095,-1.697718586921692,1.4126418931541112
word_list,passive,200,174,26,0.87,0.13,-1.445166580080986,1.4688269240874208
