effect,term,estimate,std.error,statistic,df,p.value,conf.low,conf.high
fixed,comparison_conditionactive,0.42892202374334926,0.00891578982903593,48.10813533832805,2079.0000027615138,0,0.41143721747675677,0.44640683000994175
