contrast,estimate,SE,df,z.ratio,p.value
active - no_prime_eos,0.42892202374334926,0.00891578982903593,Inf,48.10813533832805,0
