contrast,estimate,SE,df,z.ratio,p.value
active - filler,0.440155864056646,0.008216082157732929,Inf,53.57247598143525,0
