effect,term,estimate,std.error,statistic,p.value,conf.low,conf.high
fixed,comparison_conditionactive,8.428491806373742,0.44200079972996326,19.06895148498161,4.573839224642045e-81,7.5621861577651135,9.29479745498237
