contrast,estimate,SE,df,z.ratio,p.value
active - no_prime_eos,1.2638719962020586,0.3986367140111457,Inf,3.1704856872935223,0.0015218432987853735
