comparison_condition,emmean,ci_low,ci_high
no_prime_eos,2.392922471467697e-5,6.842943244416692e-6,8.367501331788103e-5
active,8.46827349093907e-5,3.0432304473243743e-5,2.356204118663399e-4
