contrast,estimate,SE,df,z.ratio,p.value
active - no_prime_empty,8.428491806373742,0.44200079972996326,Inf,19.06895148498161,4.573839224642045e-81
