comparison_condition,emmean,ci_low,ci_high
no_prime_empty,1.2710228658177942e-9,1.5179542454219133e-10,1.0642607423591853e-8
active,5.815650790069675e-6,1.1643775159439705e-6,2.9046563717406335e-5
