comparison_condition,observed_mean,n_items
filler,0.006249999999999936,2080
active,0.02211538461538466,2080
