contrast,estimate,SE,df,z.ratio,p.value
active - no_prime_empty,0.16532921322208663,0.00729144417078331,Inf,22.67441255115933,8.014434444779583e-114
