effect,term,estimate,std.error,statistic,df,p.value,conf.low,conf.high
fixed,comparison_conditionactive,0.16532921322208663,0.00729144417078331,22.67441255115933,2079.0000139793774,6.8087302430659955e-102,0.15102992048705297,0.1796285059571203
