comparison_condition,emmean,ci_low,ci_high
no_prime_empty,-1.267034211702049,-1.287949480484989,-1.246118942919109
active,-1.1017049984799623,-1.1226202672629022,-1.0807897296970224
