effect,term,estimate,std.error,statistic,p.value,conf.low,conf.high
fixed,comparison_conditionactive,6.403261111100933,0.7564235274587253,8.465179728892464,2.5575798396346827e-17,4.920698240223087,7.885823981978779
