effect,term,estimate,std.error,statistic,p.value,conf.low,conf.high
fixed,comparison_conditionactive,1.2638719962020586,0.3986367140111457,3.1704856872935223,0.0015218432987853735,0.4825583938248197,2.0451855985792973
