comparison_condition,observed_mean,n_items
no_prime_empty,0.0033653846153845882,2080
active,0.02211538461538466,2080
