comparison_condition,emmean,ci_low,ci_high
filler,2.120606941575614e-8,1.7759896372604333e-9,2.532094078915411e-7
active,1.2804292712292711e-5,2.9497928498726298e-6,5.557831444951273e-5
