comparison_condition,emmean,ci_low,ci_high
filler,-1.5418608625366073,-1.5648622483499104,-1.5188594767233041
active,-1.1017049984799612,-1.1247063842932643,-1.078703612666658
