comparison_condition,emmean,ci_low,ci_high
no_prime_eos,-1.5306270222232707,-1.5542930822763583,-1.5069609621701832
active,-1.1017049984799214,-1.125371058533009,-1.0780389384268338
