contrast,estimate,SE,df,z.ratio,p.value
active - filler,6.403261111100933,0.7564235274587253,Inf,8.465179728892464,2.5575798396346827e-17
