effect,term,estimate,std.error,statistic,df,p.value,conf.low,conf.high
fixed,comparison_conditionactive,0.440155864056646,0.008216082157732929,53.57247598143525,2079.0001430521793,0,0.42404325849422275,0.4562684696190692
