contrast,estimate,SE,df,z.ratio,p.value
filler - no_prime_empty,0.2748266508345711,0.00737676437756469,Inf,37.255717651822344,8.561739998623196e-304
