contrast,estimate,SE,df,z.ratio,p.value
filler - no_prime_eos,0.011233840313300691,0.008750482563773913,Inf,1.28379666280436,0.19921311157693414
