effect,term,estimate,std.error,statistic,p.value,conf.low,conf.high
fixed,comparison_conditionfiller,-2.5197982153874356,1.0920872856100263,-2.3073230945820487,0.021036814980548015,-4.660249963157194,-0.379346467617677
