effect,term,estimate,std.error,statistic,df,p.value,conf.low,conf.high
fixed,comparison_conditionfiller,0.011233840313300691,0.008750482563773913,1.28379666280436,2079.0000500148903,0.19935617174128117,-0.0059267809326692625,0.028394461559270646
