effect,term,estimate,std.error,statistic,df,p.value,conf.low,conf.high
fixed,comparison_conditionfiller,0.2748266508345711,0.00737676437756469,37.255717651822344,2079.0000054690336,3.720940267562327e-233,0.26036003615553616,0.289293265513606
