effect,term,estimate,std.error,statistic,p.value,conf.low,conf.high
fixed,comparison_conditionfiller,3.100299980656712,0.603998131652988,5.132962865583683,2.852161968040892e-7,1.9164853958873738,4.28411456542605
