comparison_condition,emmean,ci_low,ci_high
no_prime_eos,1.5306270222232308,1.5049754213274846,1.556278623118977
filler,1.5418608625365315,1.5162092616407854,1.5675124634322777
