comparison_condition,emmean,ci_low,ci_high
no_prime_eos,1.5306270222232774,1.5068280858641847,1.55442595858237
no_prime_empty,1.2670342117020152,1.2432352753429226,1.290833148061108
