effect,term,estimate,std.error,statistic,p.value,conf.low,conf.high
fixed,comparison_conditionno_prime_empty,6.074490888650991,9.478997892176798e-4,6408.368223886184,0,6.072633039203171,6.076348738098811
