comparison_condition,emmean,ci_low,ci_high
no_prime_empty,1.2670342117019537,1.2438961331988414,1.290172290205066
filler,1.5418608625365249,1.5187227840334125,1.5649989410396372
