contrast,estimate,SE,df,z.ratio,p.value
no_prime_empty - no_prime_eos,-0.26359281052126227,0.007177524826813196,Inf,-36.72475078547333,2.9416184868994836e-295
