effect,term,estimate,std.error,statistic,df,p.value,conf.low,conf.high
fixed,comparison_conditionno_prime_empty,-0.26359281052126227,0.007177524826813196,-36.72475078547333,2079.000004893996,5.230517477284524e-228,-0.277668695381368,-0.24951692566115652
