comparison_condition,emmean,ci_low,ci_high
no_prime_eos,0.9999706576532004,0.9992737299955968,0.9999988153200826
filler,0.9999986785101207,0.9999652424545261,0.9999999497582667
