effect,term,estimate,std.error,statistic,p.value,conf.low,conf.high
fixed,comparison_conditionpassive,18.75345824666966,1721.9739089103307,0.010890675026857343,0.9913106703086239,-3356.2533855352335,3393.760302028573
