comparison_condition,emmean,ci_low,ci_high
active,0.9778846184077649,0.9705990912372072,0.9833956810406006
passive,0.9999999998378626,2.2204460492503126e-16,0.9999999999999998
