effect,term,estimate,std.error,statistic,df,p.value,conf.low,conf.high
fixed,comparison_conditionpassive,0.6371654545649478,0.006324592158974185,100.74411733582717,2079.0000093779886,0,0.6247622608227029,0.6495686483071926
