comparison_condition,emmean,ci_low,ci_high
active,1.1017049984798941,1.0806357803780067,1.1227742165817816
passive,1.738870453044842,1.7178012349429546,1.7599396711467294
