contrast,estimate,SE,df,z.ratio,p.value
passive - active,18.75345824666966,1721.9739089103307,Inf,0.010890675026857343,0.9913106703086239
