comparison_condition,observed_mean,n_items
active,1.101704998479949,2080
passive,1.7388704530448995,2080
