contrast,estimate,SE,df,z.ratio,p.value
passive - active,0.6371654545649478,0.006324592158974185,Inf,100.74411733582717,0
