comparison_condition,emmean,ci_low,ci_high
no_prime_eos,0.9855769222352654,0.9794380033276144,0.9899019231076367
passive,0.9999999998390737,1.9671328451600945e-11,0.9999999999999998
