comparison_condition,observed_mean,n_items
filler,1.5418608625365993,2080
passive,1.7388704530448995,2080
