contrast,estimate,SE,df,z.ratio,p.value
passive - filler,0.19700959050829844,0.008336961763746088,Inf,23.63086170851948,1.8571186201106055e-123
