effect,term,estimate,std.error,statistic,p.value,conf.low,conf.high
fixed,comparison_conditionpassive,18.32567740069052,24.08246124900443,0.7609553363839878,0.4466837448511201,-28.87507930643964,65.52643410782068
