effect,term,estimate,std.error,statistic,df,p.value,conf.low,conf.high
fixed,comparison_conditionpassive,0.19700959050829844,0.008336961763746088,23.63086170851948,2079.0001690145223,1.4913061519725672e-109,0.18065992726146285,0.21335925375513404
