contrast,estimate,SE,df,z.ratio,p.value
passive - no_prime_eos,0.20824343082159624,0.0089557980363758425,Inf,23.252358971894196,1.3464724495085422e-119
