effect,term,estimate,std.error,statistic,df,p.value,conf.low,conf.high
fixed,comparison_conditionpassive,0.20824343082159624,0.0089557980363758425,23.252358971894196,2079.0000336705916,1.6859867024711338e-106,0.19068016423163703,0.22580669741155546
