comparison_condition,emmean,ci_low,ci_high
filler,1.5418608625365593,1.5185835298826365,1.5651381951904821
passive,1.7388704530448578,1.715593120390935,1.7621477856987806
