effect,term,estimate,std.error,statistic,p.value,conf.low,conf.high
fixed,comparison_conditionpassive,17.87135707777269,49.26729855140295,0.3627427848337704,0.7167970357623343,-78.69077369855945,114.43348785410483
