comparison_condition,emmean,ci_low,ci_high
no_prime_empty,1.267034211702028,1.2458158487648312,1.2882525746392246
passive,1.7388704530448928,1.7176520901076962,1.7600888159820895
