effect,term,estimate,std.error,statistic,p.value,conf.low,conf.high
fixed,comparison_conditionpassive,18.489957993643998,65.42124417566446,0.2826292625067796,0.7774610462724276,-109.73332441445908,146.71324040174707
