comparison_condition,emmean,ci_low,ci_high
no_prime_eos,1.5306270222232787,1.5066926773447893,1.5545613671017682
passive,1.7388704530448749,1.7149361081663854,1.7628047979233643
