effect,term,estimate,std.error,statistic,df,p.value,conf.low,conf.high
fixed,comparison_conditionpassive,0.471836241342865,0.007427326931888675,63.52705969048854,2079.000014247033,0,0.45727046815030165,0.48640201453542836
