contrast,estimate,SE,df,z.ratio,p.value
passive - no_prime_empty,0.471836241342865,0.007427326931888675,Inf,63.52705969048854,0
