prompt_template,condition_a,condition_b,passive_choice_rate_a,passive_choice_rate_b,passive_choice_rate_diff_b_minus_a,active_choice_rate_a,active_choice_rate_b,active_choice_rate_diff_b_minus_a,mean_logprob_a,mean_logprob_b,mean_logprob_diff_b_minus_a
demo__involving_event__did_to__mary_answered,active,filler,0.05096153846153846,0.27307692307692305,0.2221153846153846,0.9490384615384615,0.7269230769230769,-0.2221153846153846,-1.82706172649677,-0.5216380486121545,1.3054236778846153
demo__involving_event__did_to__mary_answered,active,no_prime,0.05096153846153846,0.11778846153846154,0.06682692307692308,0.9490384615384615,0.8822115384615384,-0.06682692307692306,-1.82706172649677,-1.3759902954101562,0.45107143108661374
demo__involving_event__did_to__mary_answered,active,passive,0.05096153846153846,0.5389423076923077,0.4879807692307692,0.9490384615384615,0.46105769230769234,-0.48798076923076916,-1.82706172649677,0.08188640887920673,1.9089481353759767
demo__involving_event__did_to__mary_answered,no_prime,filler,0.11778846153846154,0.27307692307692305,0.15528846153846151,0.8822115384615384,0.7269230769230769,-0.15528846153846154,-1.3759902954101562,-0.5216380486121545,0.8543522467980017
demo__involving_event__did_to__mary_answered,passive,filler,0.5389423076923077,0.27307692307692305,-0.2658653846153846,0.46105769230769234,0.7269230769230769,0.26586538461538456,0.08188640887920673,-0.5216380486121545,-0.6035244574913612
demo__involving_event__did_to__mary_answered,passive,no_prime,0.5389423076923077,0.11778846153846154,-0.4211538461538461,0.46105769230769234,0.8822115384615384,0.4211538461538461,0.08188640887920673,-1.3759902954101562,-1.457876704289363
