contrast,estimate,SE,df,z.ratio,p.value
active - no_prime_eos,8.394555432482807,0.4314042984151953,Inf,19.45867359996413,2.4607116412747926e-84
