comparison_condition,emmean,ci_low,ci_high
filler,5.904673602279813e-10,1.2148651257249546e-10,2.8698799190184783e-9
active,1.3971080315952814e-5,5.748603848152753e-6,3.3954120814243565e-5
