contrast,estimate,SE,df,z.ratio,p.value
active - no_prime_eos,0.7244031730530769,0.010423182499203213,Inf,69.49923145914916,0
