comparison_condition,emmean,ci_low,ci_high
no_prime_eos,-1.3939788363762746,-1.4186864153891634,-1.3692712573633858
active,-0.6695756633231977,-0.6942832423360866,-0.6448680843103088
