contrast,estimate,SE,df,z.ratio,p.value
active - filler,10.071599670660193,0.48409737002083175,Inf,20.804904745148256,3.907356180928e-96
