contrast,estimate,SE,df,z.ratio,p.value
active - filler,0.4654373008718647,0.008651657607053035,Inf,53.79747119123499,0
