comparison_condition,emmean,ci_low,ci_high
no_prime_empty,-1.2676283780238844,-1.2912518668678805,-1.2440048891798883
active,-0.6695756633232222,-0.6931991521672183,-0.645952174479226
