contrast,estimate,SE,df,z.ratio,p.value
active - no_prime_empty,9.054148144513583,0.7082502226656515,Inf,12.783826753257282,2.0188639444411904e-37
