effect,term,estimate,std.error,statistic,p.value,conf.low,conf.high
fixed,comparison_conditionactive,8.394555432482807,0.4314042984151953,19.45867359996413,2.4607116412747926e-84,7.549018544813255,9.24009232015236
