comparison_condition,observed_mean,n_items
filler,0.027403846153846143,2080
active,0.10961538461538456,2080
