effect,term,estimate,std.error,statistic,p.value,conf.low,conf.high
fixed,comparison_conditionactive,10.071599670660193,0.48409737002083175,20.804904745148256,3.907356180928e-96,9.122786260408803,11.020413080911583
