effect,term,estimate,std.error,statistic,p.value,conf.low,conf.high
fixed,comparison_conditionactive,9.054148144513583,0.7082502226656515,12.783826753257282,2.0188639444411904e-37,7.666003216046432,10.442293072980734
