contrast,estimate,SE,df,z.ratio,p.value
active - no_prime_empty,0.5980527147006622,0.010181096686201187,Inf,58.74148268439735,0
