comparison_condition,emmean,ci_low,ci_high
filler,-1.1350129641950515,-1.1573966905350617,-1.1126292378550413
active,-0.6695756633231869,-0.6919593896631969,-0.6471919369831768
