comparison_condition,emmean,ci_low,ci_high
no_prime_eos,6.729716775425996e-9,1.6186726324543939e-9,2.7979151706472734e-8
active,2.9764114443392326e-5,1.3262576115916107e-5,6.679579533184986e-5
