effect,term,estimate,std.error,statistic,df,p.value,conf.low,conf.high
fixed,comparison_conditionactive,0.4654373008718647,0.008651657607053035,53.79747119123499,2079.0000238837583,0,0.4484704858118381,0.48240411593189125
