comparison_condition,emmean,ci_low,ci_high
no_prime_empty,2.570790720433838e-9,3.4166177201390594e-10,1.9343588816489368e-8
active,2.1989925196184512e-5,9.06164104601679e-6,5.3362066388781376e-5
