contrast,estimate,SE,df,z.ratio,p.value
filler - no_prime_empty,-0.13261541382878697,0.009391086366436778,Inf,-14.121413503633308,2.8031183921721854e-45
