effect,term,estimate,std.error,statistic,df,p.value,conf.low,conf.high
fixed,comparison_conditionno_prime_empty,-0.12635045835240905,0.009017728384958217,-14.011339991473305,2079.0000011248985,1.0898459584654993e-42,-0.14403517690222575,-0.10866573980259234
