contrast,estimate,SE,df,z.ratio,p.value
filler - no_prime_eos,0.8170341645480673,0.3401650981060873,Inf,2.4018753514014506,0.0163112654121241
