contrast,estimate,SE,df,z.ratio,p.value
passive - active,0.7022719804067533,0.007304666703370059,Inf,96.1401811916696,0
