effect,term,estimate,std.error,statistic,p.value,conf.low,conf.high
fixed,comparison_conditionpassive,17.504471018352856,0.0010523945604032218,16632.99267875926,0,17.50240836291694,17.506533673788773
