contrast,estimate,SE,df,z.ratio,p.value
passive - active,17.504471018352856,0.0010523945604032218,Inf,16632.99267875926,0
