comparison_condition,emmean,ci_low,ci_high
active,0.999996252016445,0.9999962446287506,0.9999962593896061
passive,0.9999999999999063,0.9999999999999061,0.9999999999999998
