comparison_condition,observed_mean,n_items
active,0.6695756633232218,2080
passive,1.371847643729968,2080
