comparison_condition,observed_mean,n_items
active,0.8903846153846153,2080
passive,0.9990384615384615,2080
