comparison_condition,emmean,ci_low,ci_high
active,0.6695756633232067,0.6487765564710823,0.6903747701753311
passive,1.37184764372996,1.3510485368778355,1.3926467505820845
