effect,term,estimate,std.error,statistic,p.value,conf.low,conf.high
fixed,comparison_conditionpassive,3.51202675622175,0.7182490036441063,4.8897064087846145,1.0098648178113282e-6,2.1042845771475243,4.919768935295976
