contrast,estimate,SE,df,z.ratio,p.value
passive - no_prime_empty,0.10421926570609552,0.010550564181050716,Inf,9.878075135856523,5.181868619278144e-23
