comparison_condition,emmean,ci_low,ci_high
filler,1.1350129641950253,1.1131673358036462,1.1568585925864043
passive,1.371847643729913,1.350002015338534,1.393693272121292
