contrast,estimate,SE,df,z.ratio,p.value
passive - no_prime_eos,3.6177851203562628,0.7174827285627786,Inf,5.042330604394071,4.59895823750182e-7
