contrast,estimate,SE,df,z.ratio,p.value
passive - filler,0.2368346795348876,0.008986450617835866,Inf,26.354640959672082,4.540780129035711e-153
