comparison_condition,observed_mean,n_items
filler,0.9725961538461538,2080
passive,0.9990384615384615,2080
