effect,term,estimate,std.error,statistic,p.value,conf.low,conf.high
fixed,comparison_conditionpassive,3.376728403201948,0.7201771255512641,4.688747092067399,2.7488286090467577e-6,1.9652071746318898,4.788249631772006
