contrast,estimate,SE,df,z.ratio,p.value
passive - no_prime_empty,3.51202675622175,0.7182490036441063,Inf,4.8897064087846145,1.0098648178113282e-6
