contrast,estimate,SE,df,z.ratio,p.value
passive - no_prime_eos,-0.02213119264631106,0.010931314535513253,Inf,-2.024568278079645,0.04291171432746894
