effect,term,estimate,std.error,statistic,df,p.value,conf.low,conf.high
fixed,comparison_conditionpassive,-0.02213119264631106,0.010931314535513253,-2.024568278079645,2079.0000035176067,0.04303932422163221,-0.04356865590617151,-6.937293864506082e-4
