contrast,estimate,SE,df,z.ratio,p.value
passive - filler,3.376728403201948,0.7201771255512641,Inf,4.688747092067399,2.7488286090467577e-6
