comparison_condition,emmean,ci_low,ci_high
no_prime_eos,1.393978836376293,1.3697576732702295,1.4181999994823566
passive,1.371847643729982,1.3476264806239184,1.3960688068360456
