effect,term,estimate,std.error,statistic,df,p.value,conf.low,conf.high
fixed,comparison_conditionpassive,0.2368346795348876,0.008986450617835866,26.354640959672082,2079.000004392122,2.5944013232323737e-132,0.21921129999251912,0.25445805907725605
