comparison_condition,emmean,ci_low,ci_high
filler,0.9725961534088491,0.9646358961554439,0.9788039738967896
passive,0.9990384615048674,0.99616323021514,0.9997595475195591
