effect,term,estimate,std.error,statistic,p.value,conf.low,conf.high
fixed,comparison_conditionpassive,3.6177851203562628,0.7174827285627786,5.042330604394071,4.59895823750182e-7,2.211544812843689,5.024025427868836
