comparison_condition,emmean,ci_low,ci_high
no_prime_empty,0.9687499993225421,0.9603422183827943,0.9754208825098518
passive,0.9990384614877696,0.9961662691412899,0.999759356220779
