comparison_condition,emmean,ci_low,ci_high
no_prime_eos,0.9653846171673928,0.9566089808793997,0.9724365604086048
passive,0.9990384611008074,0.9961642821525627,0.9997594811356286
