effect,term,estimate,std.error,statistic,df,p.value,conf.low,conf.high
fixed,comparison_conditionpassive,0.10421926570609552,0.010550564181050716,9.878075135856523,2079.0000047366725,1.6091614764818527e-22,0.083528494137205,0.12491003727498604
