comparison_condition,emmean,ci_low,ci_high
no_prime_empty,1.2676283780238737,1.2445141083092286,1.2907426477385189
passive,1.3718476437299691,1.348733374015324,1.3949619134446143
