prompt_column,prime_condition,n_items,active_rate,passive_rate,other_rate,congruent_rate
prompt_active,active,2048,0.9521484375,0.001953125,0.0458984375,0.9521484375
prompt_filler,filler,2048,0.3173828125,0.1240234375,0.55859375,0.0
prompt_no_prime,no_prime,2048,0.37353515625,0.107421875,0.51904296875,0.0
prompt_passive,passive,2048,0.2060546875,0.76806640625,0.02587890625,0.76806640625
