prompt_column,prime_condition,n_items,active_rate,passive_rate,other_rate,congruent_rate
prompt_active,active,2048,0.9521484375,0.00244140625,0.04541015625,0.9521484375
prompt_filler,filler,2048,0.31884765625,0.38818359375,0.29296875,0.0
prompt_no_prime,no_prime,2048,0.3994140625,0.13037109375,0.47021484375,0.0
prompt_passive,passive,2048,0.2060546875,0.77783203125,0.01611328125,0.77783203125
