prompt_column,prime_condition,n_items,active_like_rate,passive_like_rate,exact_rate,prefix_rate,structural_rate,congruent_rate
prompt_active,active,2048,0.8330078125,0.0009765625,0.35107421875,0.0,0.48291015625,0.8330078125
prompt_filler,filler,2048,0.1875,0.02978515625,0.099609375,0.0,0.11767578125,0.0
prompt_no_prime,no_prime,2048,0.349609375,0.0166015625,0.1298828125,0.0,0.236328125,0.0
prompt_passive,passive,2048,0.18359375,0.67529296875,0.3173828125,0.0,0.54150390625,0.67529296875
