prompt_column,prime_condition,role_order,n_items,active_rate,passive_rate,other_rate,congruent_rate,manually_reviewed_rate
prompt_active,active,agent_first,1024,0.6025390625,0.0,0.3974609375,0.6025390625,0.3974609375
prompt_active,active,patient_first,1024,0.5166015625,0.1630859375,0.3203125,0.5166015625,0.3203125
prompt_filler,filler,agent_first,1024,0.1767578125,0.0390625,0.7841796875,0.0,0.7861328125
prompt_filler,filler,patient_first,1024,0.1943359375,0.0810546875,0.724609375,0.0,0.73046875
prompt_no_prime,no_prime,agent_first,1024,0.4072265625,0.0048828125,0.587890625,0.0,0.599609375
prompt_no_prime,no_prime,patient_first,1024,0.5498046875,0.0234375,0.4267578125,0.0,0.4599609375
prompt_passive,passive,agent_first,1024,0.189453125,0.201171875,0.609375,0.201171875,0.609375
prompt_passive,passive,patient_first,1024,0.0595703125,0.3408203125,0.599609375,0.3408203125,0.599609375
