prompt_column,prime_condition,n_items,active_rate,passive_rate,other_rate,congruent_rate
prompt_active,active,2048,0.5595703125,0.08154296875,0.35888671875,0.5595703125
prompt_filler,filler,2048,0.185546875,0.05615234375,0.75830078125,0.0
prompt_no_prime,no_prime,2048,0.46142578125,0.0087890625,0.52978515625,0.0
prompt_passive,passive,2048,0.12451171875,0.27099609375,0.6044921875,0.27099609375
