prompt_column,prime_condition,n_items,active_like_rate,passive_like_rate,exact_rate,prefix_rate,structural_rate,congruent_rate
prompt_active,active,2048,0.435546875,0.0732421875,0.10400390625,0.0,0.40478515625,0.435546875
prompt_filler,filler,2048,0.1474609375,0.046875,0.04296875,0.0,0.1513671875,0.0
prompt_no_prime,no_prime,2048,0.30859375,0.0068359375,0.08154296875,0.0,0.23388671875,0.0
prompt_passive,passive,2048,0.107421875,0.23046875,0.0341796875,0.0,0.3037109375,0.23046875
