prompt_column,prime_condition,n_items,active_rate,passive_rate,other_rate,congruent_rate,manually_reviewed_rate
prompt_active,active,2048,0.5595703125,0.08154296875,0.35888671875,0.5595703125,0.35888671875
prompt_filler,filler,2048,0.185546875,0.06005859375,0.75439453125,0.0,0.75830078125
prompt_no_prime,no_prime,2048,0.478515625,0.01416015625,0.50732421875,0.0,0.52978515625
prompt_passive,passive,2048,0.12451171875,0.27099609375,0.6044921875,0.27099609375,0.6044921875
