condition,baseline,n_items,active_prime_passive_choice_rate,passive_prime_passive_choice_rate,baseline_passive_choice_rate,baseline_active_choice_rate,active_choice_priming,active_choice_priming_ci95_low,active_choice_priming_ci95_high,active_choice_priming_p,passive_choice_priming,passive_choice_priming_ci95_low,passive_choice_priming_ci95_high,passive_choice_priming_p,imbalance_choice_passive_minus_active,imbalance_choice_ci95_low,imbalance_choice_ci95_high,imbalance_choice_p,active_logprob_priming,active_logprob_priming_ci95_low,active_logprob_priming_ci95_high,active_logprob_priming_p,passive_logprob_priming,passive_logprob_priming_ci95_low,passive_logprob_priming_ci95_high,passive_logprob_priming_p,imbalance_logprob_passive_minus_active,imbalance_logprob_ci95_low,imbalance_logprob_ci95_high,imbalance_logprob_p
core_demo_primes_lexical_overlap,filler,2080,0.03317307692307692,0.5317307692307692,0.27307692307692305,0.726923076923077,0.23990384615384616,0.2201923076923077,0.25961538461538464,2.7608804327593258e-112,0.2586538461538462,0.23219951923076923,0.2841346153846154,3.5305547104256646e-77,0.01875,-0.022596153846153846,0.058173076923076925,0.3691656254438198,1.4919206839341383,1.4381807384124168,1.5465997099876403,0.0,0.6375020834115835,0.5881400489807129,0.6880103162618784,2.851712260742689e-116,-0.8544186005225548,-0.9568900653032156,-0.7537838921180139,1.3744407146433418e-58
core_demo_primes_lexical_overlap,no_prime,2080,0.03317307692307692,0.5317307692307692,0.11826923076923077,0.8817307692307692,0.08509615384615385,0.06923076923076923,0.1004927884615383,2.31989945787627e-26,0.41346153846153844,0.3903846153846154,0.43653846153846154,1.0866512313038506e-211,0.3283653846153846,0.2951923076923077,0.3605769230769231,5.40786113105508e-78,0.6375206653888409,0.5900076934007499,0.6871507266851572,4.237907104575753e-124,1.491902101956881,1.4429495518024151,1.5425407688434307,0.0,0.8543814365680401,0.7577685550542979,0.9509780207047095,5.5245159047595744e-65
