category,representation_type,n_words,mean_max_cosine,max_max_cosine,mean_topk_cosine
noun,lexical,80,0.6127691671252251,0.7427085041999817,0.5719149224460125
verb_past,lexical,40,0.5681523561477662,0.6708877086639404,0.5383481949567794
verb_present,lexical,40,0.5902692526578903,0.7361984848976135,0.5569426447153092
