n_items,mean_diff,sd_diff,effect_size_dz,t_stat,t_p_two_sided,perm_p_two_sided,perm_p_greater_than_zero,bootstrap_ci95_low,bootstrap_ci95_high,condition,metric
15000,0.0453464447047561,0.954516144873194,0.0475072579424838,5.818427051893446,6.061541188523985e-09,9.999000099990002e-05,9.999000099990002e-05,0.029965882323465,0.0604455514934984,CORE,critical_word_pe_mean
15000,0.7634598164234063,0.9284693667833778,0.8222778733867803,100.70806082892416,0.0,9.999000099990002e-05,9.999000099990002e-05,0.748911105304903,0.7781451904368959,jabberwocky,critical_word_pe_mean
15000,0.082774524321113,0.3586514526600807,0.2307937796074237,28.266349792327293,2.67242240814258e-171,9.999000099990002e-05,9.999000099990002e-05,0.0771065166149466,0.0884886346446838,CORE,post_divergence_pe_mean
15000,0.4214488098418837,0.314338316167858,1.340749085188928,164.20755659081047,0.0,9.999000099990002e-05,9.999000099990002e-05,0.4164323105795151,0.4264478361234035,jabberwocky,post_divergence_pe_mean
15000,1.2077484907589542,2.565154742836389,0.4708287069744186,57.66450441708524,0.0,9.999000099990002e-05,9.999000099990002e-05,1.1662134377238642,1.2486753307716525,CORE,sentence_pe
15000,8.9938841596586,5.839933476704884,1.5400662003316683,188.61881804597425,0.0,9.999000099990002e-05,9.999000099990002e-05,8.900819688278343,9.085203526314311,jabberwocky,sentence_pe
15000,0.1433783180441837,0.3689009350421415,0.3886634714758988,47.60135933873583,0.0,9.999000099990002e-05,9.999000099990002e-05,0.1374634766258622,0.149295995383211,CORE,sentence_pe_mean
15000,0.4974716445993478,0.3357054238064574,1.4818695478871755,181.4912128846192,0.0,9.999000099990002e-05,9.999000099990002e-05,0.4920539933417842,0.5028907278099859,jabberwocky,sentence_pe_mean
