condition,baseline,metric,imbalance_passive_minus_active_priming,p_value,ci95_low,ci95_high,n_items
core_core,no_prime,choice_rate_delta,-0.13653846153846153,1.0694279847685692e-54,-0.1532195365369266,-0.11985738653999645,2080
core_core,no_prime,logprob_preference_delta,-0.6371225571312166,3.2606396604008473e-200,-0.674039778979827,-0.6002053352826061,2080
core_core,filler,choice_rate_delta,-0.1528846153846154,3.714349868733204e-69,-0.16930156856971454,-0.13646766219951625,2080
core_core,filler,logprob_preference_delta,-0.6595994933693692,6.173809233356553e-229,-0.6947106979184356,-0.6244882888203027,2080
jabberwocky_jabberwocky,no_prime,choice_rate_delta,0.0625,1.0639781948893998e-09,0.0425086055162264,0.0824913944837736,2080
jabberwocky_jabberwocky,no_prime,logprob_preference_delta,-0.09627805559056829,1.3100127408177018e-14,-0.12059219729119307,-0.07196391388994351,2080
jabberwocky_jabberwocky,filler,choice_rate_delta,0.025961538461538463,0.0020055806962822717,0.00951173407995939,0.04241134284311754,2080
jabberwocky_jabberwocky,filler,logprob_preference_delta,-0.04683350118333782,2.1043928320375714e-06,-0.06613180279529787,-0.027535199571377754,2080
