prompt_template,condition_a,condition_b,passive_choice_rate_a,passive_choice_rate_b,passive_choice_rate_diff_b_minus_a,active_choice_rate_a,active_choice_rate_b,active_choice_rate_diff_b_minus_a,mean_logprob_a,mean_logprob_b,mean_logprob_diff_b_minus_a
demo__involving_event__did_to__mary_answered,active,filler,0.0,0.15048076923076922,0.15048076923076922,1.0,0.8495192307692307,-0.15048076923076925,-3.5090093007454506,-0.8879462608924279,2.6210630398530226
demo__involving_event__did_to__mary_answered,active,no_prime,0.0,0.11778846153846154,0.11778846153846154,1.0,0.8822115384615384,-0.11778846153846156,-3.5090093007454506,-1.375974625807542,2.1330346749379085
demo__involving_event__did_to__mary_answered,active,passive,0.0,0.5216346153846154,0.5216346153846154,1.0,0.47836538461538464,-0.5216346153846154,-3.5090093007454506,0.02214665046105018,3.5311559512065007
demo__involving_event__did_to__mary_answered,no_prime,filler,0.11778846153846154,0.15048076923076922,0.03269230769230769,0.8822115384615384,0.8495192307692307,-0.03269230769230769,-1.375974625807542,-0.8879462608924279,0.48802836491511414
demo__involving_event__did_to__mary_answered,passive,filler,0.5216346153846154,0.15048076923076922,-0.37115384615384617,0.47836538461538464,0.8495192307692307,0.3711538461538461,0.02214665046105018,-0.8879462608924279,-0.910092911353478
demo__involving_event__did_to__mary_answered,passive,no_prime,0.5216346153846154,0.11778846153846154,-0.40384615384615385,0.47836538461538464,0.8822115384615384,0.4038461538461538,0.02214665046105018,-1.375974625807542,-1.3981212762685922
