prompt_template,condition_a,condition_b,passive_choice_rate_a,passive_choice_rate_b,passive_choice_rate_diff_b_minus_a,active_choice_rate_a,active_choice_rate_b,active_choice_rate_diff_b_minus_a,mean_logprob_a,mean_logprob_b,mean_logprob_diff_b_minus_a,mean_logprob_sum_a,mean_logprob_sum_b,mean_logprob_sum_diff_b_minus_a
processing_teacher_forced,active,filler,0.97998046875,0.984375,0.00439453125,0.02001953125,0.015625,-0.00439453125,1.0119195094479927,1.088631874908294,0.07671236546030125,-3.724152570590377,-3.561844287440181,0.16230828315019608
processing_teacher_forced,active,no_prime,0.97998046875,0.9921875,0.01220703125,0.02001953125,0.0078125,-0.01220703125,1.0119195094479927,1.7966254545619624,0.7847059451139697,-3.724152570590377,-2.9909764174371958,0.7331761531531811
processing_teacher_forced,active,passive,0.97998046875,0.9970703125,0.01708984375,0.02001953125,0.0029296875,-0.01708984375,1.0119195094479927,1.259803238549521,0.24788372910152834,-3.724152570590377,-1.896702571772039,1.827449998818338
processing_teacher_forced,no_prime,filler,0.9921875,0.984375,-0.0078125,0.0078125,0.015625,0.0078125,1.7966254545619624,1.088631874908294,-0.7079935796536685,-2.9909764174371958,-3.561844287440181,-0.570867870002985
processing_teacher_forced,passive,filler,0.9970703125,0.984375,-0.0126953125,0.0029296875,0.015625,0.0126953125,1.259803238549521,1.088631874908294,-0.1711713636412271,-1.896702571772039,-3.561844287440181,-1.6651417156681418
processing_teacher_forced,passive,no_prime,0.9970703125,0.9921875,-0.0048828125,0.0029296875,0.0078125,0.0048828125,1.259803238549521,1.7966254545619624,0.5368222160124414,-1.896702571772039,-2.9909764174371958,-1.0942738456651568
