prime_condition,n_items,mean_delta_mean,mean_delta_sum,passive_choice_rate
active,2048,1.0119195094479927,-3.724152570590377,0.97998046875
filler,2048,1.088631874908294,-3.561844287440181,0.984375
no_prime,2048,1.7966254545619622,-2.9909764174371958,0.9921875
passive,2048,1.259803238549521,-1.896702571772039,0.9970703125
