prompt_template,prime_condition,n_items,n_active_choice,n_passive_choice,active_choice_rate,passive_choice_rate,mean_passive_minus_active_logprob,sd_passive_minus_active_logprob,mean_passive_minus_active_logprob_sum,sd_passive_minus_active_logprob_sum
processing_teacher_forced,active,2048,41,2007,0.02001953125,0.97998046875,1.0119195094479927,0.429845358732641,-3.724152570590377,2.4499021888582493
processing_teacher_forced,filler,2048,32,2016,0.015625,0.984375,1.088631874908294,0.45514752221954774,-3.561844287440181,2.5037527626669607
processing_teacher_forced,no_prime,2048,16,2032,0.0078125,0.9921875,1.7966254545619624,0.6923921622640238,-2.9909764174371958,3.217753919074416
processing_teacher_forced,passive,2048,6,2042,0.0029296875,0.9970703125,1.259803238549521,0.42966379519942594,-1.896702571772039,2.4796468012290203
