prime_condition,n_items,mean_delta_mean,mean_delta_sum,passive_choice_rate
active,2080,0.3165364606533565,-8.440234375,0.8908653846153847
filler,2080,0.5190897930635989,-5.607271634615385,0.989423076923077
no_prime_empty,2080,0.47461145829704215,-7.426231971153846,0.9048076923076923
no_prime_eos,2080,0.4039060936909231,-9.584555288461539,0.9240384615384616
passive,2080,0.7444408667812863,-0.826171875,1.0
