prompt_template,condition_a,condition_b,passive_choice_rate_a,passive_choice_rate_b,passive_choice_rate_diff_b_minus_a,active_choice_rate_a,active_choice_rate_b,active_choice_rate_diff_b_minus_a,mean_logprob_a,mean_logprob_b,mean_logprob_diff_b_minus_a
demo__involving_event__did_to__mary_answered,active,filler,0.21298076923076922,0.4913461538461538,0.2783653846153846,0.7870192307692307,0.5086538461538461,-0.2783653846153846,-1.0744765061598558,0.06217510516826923,1.136651611328125
demo__involving_event__did_to__mary_answered,active,no_prime,0.21298076923076922,0.43028846153846156,0.21730769230769234,0.7870192307692307,0.5697115384615384,-0.2173076923076923,-1.0744765061598558,-0.218356440617488,0.8561200655423677
demo__involving_event__did_to__mary_answered,active,passive,0.21298076923076922,0.40625,0.19326923076923078,0.7870192307692307,0.59375,-0.19326923076923075,-1.0744765061598558,-0.19529295701246996,0.8791835491473858
demo__involving_event__did_to__mary_answered,no_prime,filler,0.43028846153846156,0.4913461538461538,0.06105769230769226,0.5697115384615384,0.5086538461538461,-0.06105769230769231,-0.218356440617488,0.06217510516826923,0.28053154578575723
demo__involving_event__did_to__mary_answered,passive,filler,0.40625,0.4913461538461538,0.08509615384615382,0.59375,0.5086538461538461,-0.08509615384615388,-0.19529295701246996,0.06217510516826923,0.2574680621807392
demo__involving_event__did_to__mary_answered,passive,no_prime,0.40625,0.43028846153846156,0.024038461538461564,0.59375,0.5697115384615384,-0.024038461538461564,-0.19529295701246996,-0.218356440617488,-0.02306348360501803
