prompt_template,condition_a,condition_b,passive_choice_rate_a,passive_choice_rate_b,passive_choice_rate_diff_b_minus_a,active_choice_rate_a,active_choice_rate_b,active_choice_rate_diff_b_minus_a,mean_logprob_a,mean_logprob_b,mean_logprob_diff_b_minus_a
demo__involving_event__did_to__mary_answered,active,filler,0.08028846153846154,0.26778846153846153,0.1875,0.9197115384615384,0.7322115384615384,-0.1875,-1.5263099083533653,-0.773363524216872,0.7529463841364933
demo__involving_event__did_to__mary_answered,active,no_demo,0.08028846153846154,0.13125,0.05096153846153846,0.9197115384615384,0.86875,-0.05096153846153839,-1.5263099083533653,-1.1923480107234075,0.33396189762995787
demo__involving_event__did_to__mary_answered,active,passive,0.08028846153846154,0.6423076923076924,0.5620192307692308,0.9197115384615384,0.3576923076923077,-0.5620192307692307,-1.5263099083533653,0.34897396381084733,1.8752838721642127
demo__involving_event__did_to__mary_answered,no_demo,filler,0.13125,0.26778846153846153,0.13653846153846153,0.86875,0.7322115384615384,-0.1365384615384616,-1.1923480107234075,-0.773363524216872,0.4189844865065354
demo__involving_event__did_to__mary_answered,passive,filler,0.6423076923076924,0.26778846153846153,-0.3745192307692308,0.3576923076923077,0.7322115384615384,0.3745192307692307,0.34897396381084733,-0.773363524216872,-1.1223374880277195
demo__involving_event__did_to__mary_answered,passive,no_demo,0.6423076923076924,0.13125,-0.5110576923076924,0.3576923076923077,0.86875,0.5110576923076924,0.34897396381084733,-1.1923480107234075,-1.5413219745342548
