prompt_template,prime_condition,n_items,n_active_choice,n_passive_choice,active_choice_rate,passive_choice_rate,mean_passive_minus_active_logprob,sd_passive_minus_active_logprob
processing_teacher_forced,active,2080,227,1853,0.10913461538461539,0.8908653846153847,0.31653646065335656,0.24740561385879048
processing_teacher_forced,filler,2080,22,2058,0.010576923076923078,0.989423076923077,0.5190897930635989,0.2122975470648734
processing_teacher_forced,no_prime_empty,2080,198,1882,0.09519230769230769,0.9048076923076923,0.4746114582970422,0.35714111875533433
processing_teacher_forced,no_prime_eos,2080,158,1922,0.07596153846153846,0.9240384615384616,0.4039060936909231,0.2785615141533988
processing_teacher_forced,passive,2080,0,2080,0.0,1.0,0.7444408667812863,0.20631314849515672
