prime_condition,n_items,mean_delta_mean,mean_delta_sum,passive_choice_rate
active,2080,0.3520878006878163,-6.573240272815411,0.9543269230769231
filler,2080,0.43136800808853687,-6.123570284476647,0.9701923076923077
no_prime_empty,2080,0.5099953991082745,-4.902769881028395,0.948076923076923
no_prime_eos,2080,0.5396184633967926,-5.155499359277578,0.9456730769230769
passive,2080,0.6308704389884459,-1.2703288811903732,0.9995192307692308
