condition,target_structure,n_items,mean_sentence_pe,sd_sentence_pe,mean_sentence_pe_mean,sd_sentence_pe_mean,mean_critical_word_pe,sd_critical_word_pe,mean_critical_word_pe_mean,sd_critical_word_pe_mean,mean_post_divergence_pe,sd_post_divergence_pe,mean_post_divergence_pe_mean,sd_post_divergence_pe_mean,mean_pre_divergence_pe,sd_pre_divergence_pe,mean_structure_region_pe,sd_structure_region_pe,mean_structure_region_pe_mean,sd_structure_region_pe_mean
CORE,active,15000,0.190730498676747,1.3846521528150797,0.0311782379018408,0.2278467050338561,0.1436829871920248,0.6891709133523957,0.1304019283983856,0.6582221213718242,0.4112412352375686,1.2170223389394552,0.0812686366971901,0.2335726870551545,-0.2205107365608215,0.5417857157488155,0.4736008408042292,1.0617425328525871,0.1158927272331466,0.260830742534871
CORE,passive,15000,1.3984789894357013,1.5137714010499683,0.1745565559460246,0.1888984375490545,0.1757483731031418,0.5164937159624164,0.1757483731031418,0.5164937159624164,1.177968249632387,1.356610775012813,0.1640431610183031,0.1884787436740413,0.2205107398033142,0.5417857350447612,1.143711154517997,1.2222136743319345,0.1902812342370889,0.2033561470314348
jabberwocky,active,15000,-1.856243839882811,3.390399360782618,-0.1120680961823794,0.2044959315345114,0.2195990909640987,1.3152050748241242,0.0447443909651537,0.2808306789837449,-0.9687865475604932,2.9528279399527557,-0.0624946184509521,0.1906378195444437,-0.8874572923223177,0.8390713134906377,-0.7132199254949888,2.3631895519880035,-0.0642733157482144,0.2119003346172265
jabberwocky,passive,15000,7.13764031977579,2.990974372793347,0.3854035484169684,0.162617114286484,0.80820420738856,0.8657835825497524,0.80820420738856,0.8657835825497524,6.250183027453472,2.810569047345231,0.3589541913909315,0.1622749001563093,0.8874572923223177,0.8390713134906377,5.993768660014619,2.450828250376624,0.458519920341378,0.1898419776801811
