prompt_template,condition_a,condition_b,passive_choice_rate_a,passive_choice_rate_b,passive_choice_rate_diff_b_minus_a,active_choice_rate_a,active_choice_rate_b,active_choice_rate_diff_b_minus_a,mean_logprob_a,mean_logprob_b,mean_logprob_diff_b_minus_a
role_labeled,active,filler,0.47259615384615383,0.47115384615384615,-0.0014423076923076872,0.5274038461538462,0.5288461538461539,0.0014423076923076872,-0.18893439735357578,-0.1675367058469699,0.021397691506605893
role_labeled,active,no_prime_eos,0.47259615384615383,0.40865384615384615,-0.06394230769230769,0.5274038461538462,0.5913461538461539,0.06394230769230769,-0.18893439735357578,-0.3071212761104107,-0.1181868787568349
role_labeled,active,passive,0.47259615384615383,0.4625,-0.01009615384615381,0.5274038461538462,0.5375,0.01009615384615381,-0.18893439735357578,-0.209741721703456,-0.020807324349880224
role_labeled,no_prime_eos,filler,0.40865384615384615,0.47115384615384615,0.0625,0.5913461538461539,0.5288461538461539,-0.0625,-0.3071212761104107,-0.1675367058469699,0.1395845702634408
role_labeled,passive,filler,0.4625,0.47115384615384615,0.008653846153846123,0.5375,0.5288461538461539,-0.008653846153846123,-0.209741721703456,-0.1675367058469699,0.04220501585648612
role_labeled,passive,no_prime_eos,0.4625,0.40865384615384615,-0.05384615384615388,0.5375,0.5913461538461539,0.05384615384615388,-0.209741721703456,-0.3071212761104107,-0.09737955440695467
