prompt_template,prime_condition,n_items,n_active_choice,n_passive_choice,active_choice_rate,passive_choice_rate,mean_passive_minus_active_logprob,sd_passive_minus_active_logprob
role_labeled,active,2080,1097,983,0.5274038461538462,0.47259615384615383,-0.18893439735357578,1.7885552739864603
role_labeled,filler,2080,1100,980,0.5288461538461539,0.47115384615384615,-0.1675367058469699,1.811996564001205
role_labeled,no_prime_eos,2080,1230,850,0.5913461538461539,0.40865384615384615,-0.3071212761104107,1.8324271515602195
role_labeled,passive,2080,1118,962,0.5375,0.4625,-0.209741721703456,1.7153157743241039
