term,Coef.,Std.Err.,z,P>|z|,[0.025,0.975],model
Intercept,0.18885469385522458,0.007569191286849104,24.95044539082336,2.1117397894272947e-137,0.17401935154090595,0.2036900361695432,delta_ols_hc3
C(condition)[T.CORE],-0.10681053629816517,0.004567834275080376,-23.383189902677834,6.336850512788451e-121,-0.11576332696467033,-0.09785774563166001,delta_ols_hc3
C(condition)[T.jabberwocky],0.43108463002495123,0.020815133659855913,20.710154307408626,2.8055639887406466e-95,0.3902877177182462,0.47188154233165625,delta_ols_hc3
z_delta_target_length,0.0002998191396873395,0.0019886029891856448,0.15076872624541252,0.8801581570550607,-0.003597771098665219,0.004197409378039898,delta_ols_hc3
z_delta_critical_word_token_count,0.08838893143326676,0.009778327683203058,9.03926870696907,1.5772341068716237e-19,0.06922376134515779,0.10755410152137573,delta_ols_hc3
