prompt_template,metric,n_items,mean_diff,sd_diff,effect_size_dz,t_stat,t_p_two_sided,perm_p_two_sided,bootstrap_ci95_low,bootstrap_ci95_high,mcnemar_b,mcnemar_c,mcnemar_p_exact
role_labeled,logprob_delta,15000,0.2667237554073334,0.6200359247364511,0.4301746798311815,52.68542329257584,0.0,0.0,0.25688387024879455,0.2765490019573768,,,
role_labeled,passive_choice_delta,15000,0.058333333333333334,0.31602301644872416,0.18458571147395564,22.60704034598948,2.6531525499264602e-111,0.0,0.053266666666666664,0.06333333333333334,1212.0,337.0,8.130757279793204e-116
