prime_structure,n_generations,n_active,n_passive,n_other,valid_rate,active_rate_all,passive_rate_all,active_rate_valid,passive_rate_valid
active,90,11,3,76,0.15555555555555556,0.12222222222222222,0.03333333333333333,0.7857142857142857,0.21428571428571427
passive,90,10,2,78,0.13333333333333333,0.1111111111111111,0.022222222222222223,0.8333333333333334,0.16666666666666666
