{
  "passive_rate_shift_all": -0.01111111111111111,
  "active_rate_shift_all": 0.011111111111111113,
  "passive_rate_shift_valid": -0.047619047619047616
}