term,Coef.,Std.Err.,z,P>|z|,[0.025,0.975],model
Intercept,0.09706492936957478,0.007134414660558348,13.605170709544707,3.730962500427333e-42,0.08308173358410587,0.1110481251550437,delta_ols_hc3
C(condition)[T.CORE],0.06249320647683407,0.005099759353172736,12.254148117392027,1.5961784068020038e-34,0.052497861814794225,0.07248855113887391,delta_ols_hc3
C(condition)[T.jabberwocky-only],0.2924378184098677,0.01900243290819372,15.389493536049823,1.9253335702438743e-53,0.2551937342911693,0.3296819025285661,delta_ols_hc3
z_delta_target_length,0.0194450643310851,0.002179134466996681,8.92329712809536,4.526083985762274e-19,0.015174039258301717,0.02371608940386848,delta_ols_hc3
z_delta_critical_word_token_count,-0.0032790200545966667,0.00883839968360406,-0.3709970324921503,0.7106397419725254,-0.020601965115430835,0.0140439250062375,delta_ols_hc3
